-- --------------------------------------------------------
-- Hôte:                         127.0.0.1
-- Version du serveur:           8.0.30 - MySQL Community Server - GPL
-- SE du serveur:                Win64
-- HeidiSQL Version:             12.1.0.6537
-- --------------------------------------------------------

/*!40101 SET @OLD_CHARACTER_SET_CLIENT=@@CHARACTER_SET_CLIENT */;
/*!40101 SET NAMES utf8 */;
/*!50503 SET NAMES utf8mb4 */;
/*!40103 SET @OLD_TIME_ZONE=@@TIME_ZONE */;
/*!40103 SET TIME_ZONE='+00:00' */;
/*!40014 SET @OLD_FOREIGN_KEY_CHECKS=@@FOREIGN_KEY_CHECKS, FOREIGN_KEY_CHECKS=0 */;
/*!40101 SET @OLD_SQL_MODE=@@SQL_MODE, SQL_MODE='NO_AUTO_VALUE_ON_ZERO' */;
/*!40111 SET @OLD_SQL_NOTES=@@SQL_NOTES, SQL_NOTES=0 */;


-- Listage de la structure de la base pour carmaintain
CREATE DATABASE IF NOT EXISTS `carmaintain` /*!40100 DEFAULT CHARACTER SET utf8mb4 COLLATE utf8mb4_0900_ai_ci */ /*!80016 DEFAULT ENCRYPTION='N' */;
USE `carmaintain`;

-- Listage de la structure de table carmaintain. addon_requests
CREATE TABLE IF NOT EXISTS `addon_requests` (
  `id` bigint unsigned NOT NULL AUTO_INCREMENT,
  `created_at` timestamp NULL DEFAULT NULL,
  `updated_at` timestamp NULL DEFAULT NULL,
  `user_id` bigint unsigned DEFAULT NULL,
  `device_id` bigint unsigned DEFAULT NULL,
  PRIMARY KEY (`id`),
  KEY `addon_requests_device_id_foreign` (`device_id`),
  KEY `addon_requests_user_id_foreign` (`user_id`),
  CONSTRAINT `addon_requests_device_id_foreign` FOREIGN KEY (`device_id`) REFERENCES `devices` (`id`) ON DELETE CASCADE ON UPDATE CASCADE,
  CONSTRAINT `addon_requests_user_id_foreign` FOREIGN KEY (`user_id`) REFERENCES `users` (`id`) ON DELETE CASCADE ON UPDATE CASCADE
) ENGINE=InnoDB AUTO_INCREMENT=64 DEFAULT CHARSET=utf8mb4 COLLATE=utf8mb4_unicode_ci;

-- Listage des données de la table carmaintain.addon_requests : ~0 rows (environ)
INSERT INTO `addon_requests` (`id`, `created_at`, `updated_at`, `user_id`, `device_id`) VALUES
	(62, '2024-04-29 17:47:59', '2024-04-29 17:47:59', 67, 36),
	(63, '2024-04-29 17:48:06', '2024-04-29 17:48:06', 67, 34);

-- Listage de la structure de table carmaintain. asset_bundles
CREATE TABLE IF NOT EXISTS `asset_bundles` (
  `id` bigint unsigned NOT NULL AUTO_INCREMENT,
  `name` varchar(255) COLLATE utf8mb4_unicode_ci NOT NULL,
  `description` text COLLATE utf8mb4_unicode_ci,
  `version` varchar(255) COLLATE utf8mb4_unicode_ci NOT NULL,
  `platform` varchar(255) COLLATE utf8mb4_unicode_ci NOT NULL,
  `file_size` bigint unsigned DEFAULT NULL,
  `file_path` varchar(255) COLLATE utf8mb4_unicode_ci DEFAULT NULL,
  `created_at` timestamp NULL DEFAULT NULL,
  `updated_at` timestamp NULL DEFAULT NULL,
  PRIMARY KEY (`id`),
  UNIQUE KEY `asset_bundles_name_unique` (`name`)
) ENGINE=InnoDB AUTO_INCREMENT=4 DEFAULT CHARSET=utf8mb4 COLLATE=utf8mb4_unicode_ci;

-- Listage des données de la table carmaintain.asset_bundles : ~2 rows (environ)
INSERT INTO `asset_bundles` (`id`, `name`, `description`, `version`, `platform`, `file_size`, `file_path`, `created_at`, `updated_at`) VALUES
	(1, 'Delectus est est placeat ab nisi.', 'Quam fugit voluptates est et tempore et.', '5', 'eius', 356, 'public/storage/files/file_1.txt', '2024-03-13 19:07:58', '2024-03-13 19:07:58'),
	(2, 'Distinctio ex cumque fugiat sit eaque.', 'Dignissimos iusto fuga velit nihil autem.', '7', 'et', 614, 'public/storage/files/file_2.txt', '2024-03-13 19:07:58', '2024-03-13 19:07:58'),
	(3, 'Ipsum accusamus qui quod expedita asperiores consequuntur at quia.', 'Rerum consectetur temporibus maxime dolor consequatur quam in.', '6', 'laudantium', 272, 'public/storage/files/file_3.txt', '2024-03-13 19:07:58', '2024-03-13 19:07:58');

-- Listage de la structure de table carmaintain. asset_bundles_device
CREATE TABLE IF NOT EXISTS `asset_bundles_device` (
  `id` bigint unsigned NOT NULL AUTO_INCREMENT,
  `asset_bundles_id` bigint unsigned NOT NULL,
  `device_id` bigint unsigned NOT NULL,
  `created_at` timestamp NULL DEFAULT NULL,
  `updated_at` timestamp NULL DEFAULT NULL,
  PRIMARY KEY (`id`),
  KEY `asset_bundles_device_asset_bundles_id_foreign` (`asset_bundles_id`),
  KEY `asset_bundles_device_device_id_foreign` (`device_id`),
  CONSTRAINT `asset_bundles_device_asset_bundles_id_foreign` FOREIGN KEY (`asset_bundles_id`) REFERENCES `asset_bundles` (`id`) ON DELETE CASCADE,
  CONSTRAINT `asset_bundles_device_device_id_foreign` FOREIGN KEY (`device_id`) REFERENCES `devices` (`id`) ON DELETE CASCADE
) ENGINE=InnoDB DEFAULT CHARSET=utf8mb4 COLLATE=utf8mb4_unicode_ci;

-- Listage des données de la table carmaintain.asset_bundles_device : ~0 rows (environ)

-- Listage de la structure de table carmaintain. client_inboxs
CREATE TABLE IF NOT EXISTS `client_inboxs` (
  `id` bigint unsigned NOT NULL AUTO_INCREMENT,
  `sender_id` bigint unsigned NOT NULL,
  `recipient_id` bigint unsigned NOT NULL,
  `subject` varchar(255) COLLATE utf8mb4_unicode_ci NOT NULL,
  `body` text COLLATE utf8mb4_unicode_ci NOT NULL,
  `read_at` timestamp NULL DEFAULT NULL,
  `created_at` timestamp NULL DEFAULT NULL,
  `updated_at` timestamp NULL DEFAULT NULL,
  PRIMARY KEY (`id`),
  KEY `client_inboxs_sender_id_foreign` (`sender_id`),
  KEY `client_inboxs_recipient_id_foreign` (`recipient_id`),
  CONSTRAINT `client_inboxs_recipient_id_foreign` FOREIGN KEY (`recipient_id`) REFERENCES `users` (`id`) ON DELETE CASCADE,
  CONSTRAINT `client_inboxs_sender_id_foreign` FOREIGN KEY (`sender_id`) REFERENCES `users` (`id`) ON DELETE CASCADE
) ENGINE=InnoDB AUTO_INCREMENT=11 DEFAULT CHARSET=utf8mb4 COLLATE=utf8mb4_unicode_ci;

-- Listage des données de la table carmaintain.client_inboxs : ~0 rows (environ)
INSERT INTO `client_inboxs` (`id`, `sender_id`, `recipient_id`, `subject`, `body`, `read_at`, `created_at`, `updated_at`) VALUES
	(1, 13, 12, 'tyguhjmlkml', 'tfghjkml', NULL, '2024-04-29 10:11:11', '2024-04-29 10:11:11'),
	(2, 13, 12, 'i want you, moonlight ~', 'cuz i got yyouuuu,  moonlight', NULL, '2024-04-29 10:13:42', '2024-04-29 10:13:42'),
	(3, 12, 13, 'ssssssssss', 'sssssssssssssssssssssss', NULL, '2024-04-29 17:17:34', '2024-04-29 17:17:34'),
	(4, 12, 13, 'ttttttttttttttttttt', 'tttttttttttttttttttttttttttttttttttttt', NULL, '2024-04-29 17:18:17', '2024-04-29 17:18:17'),
	(5, 12, 13, 'vvvvvvvvvvvvvvvv', 'vvvvvvvvvvvvvvvvvvvvvvvvvvvvvvvvvvvvvvvv', NULL, '2024-04-29 17:18:48', '2024-04-29 17:18:48'),
	(6, 12, 13, 'testMessage', 'zddddddddd', NULL, '2024-04-29 17:23:57', '2024-04-29 17:23:57'),
	(7, 12, 14, 'eeeeeeeeeee', 'ssssssssssss', NULL, '2024-04-29 17:24:52', '2024-04-29 17:24:52'),
	(8, 14, 12, 'textback', 'yep i got you', NULL, '2024-04-29 17:26:15', '2024-04-29 17:26:15'),
	(9, 67, 12, 'thanks', 'such great help', NULL, '2024-04-29 17:42:43', '2024-04-29 17:42:43'),
	(10, 12, 227, 'kk', 'kkkkkkkkkkkkkkkkk', NULL, '2024-04-29 18:55:50', '2024-04-29 18:55:50');

-- Listage de la structure de table carmaintain. comments
CREATE TABLE IF NOT EXISTS `comments` (
  `id` bigint unsigned NOT NULL AUTO_INCREMENT,
  `created_at` timestamp NULL DEFAULT NULL,
  `updated_at` timestamp NULL DEFAULT NULL,
  `device_id` bigint unsigned DEFAULT NULL,
  `text` varchar(50) COLLATE utf8mb4_unicode_ci DEFAULT NULL,
  PRIMARY KEY (`id`),
  KEY `comments_device_id_foreign` (`device_id`),
  CONSTRAINT `comments_device_id_foreign` FOREIGN KEY (`device_id`) REFERENCES `devices` (`id`) ON DELETE CASCADE
) ENGINE=InnoDB AUTO_INCREMENT=11 DEFAULT CHARSET=utf8mb4 COLLATE=utf8mb4_unicode_ci;

-- Listage des données de la table carmaintain.comments : ~0 rows (environ)
INSERT INTO `comments` (`id`, `created_at`, `updated_at`, `device_id`, `text`) VALUES
	(10, '2024-04-29 17:46:09', '2024-04-29 17:46:09', 31, 'elegent');

-- Listage de la structure de table carmaintain. connections
CREATE TABLE IF NOT EXISTS `connections` (
  `id` bigint unsigned NOT NULL AUTO_INCREMENT,
  `device_id` bigint unsigned NOT NULL,
  `created_at` timestamp NULL DEFAULT NULL,
  `updated_at` timestamp NULL DEFAULT NULL,
  `connection_id` varchar(50) COLLATE utf8mb4_unicode_ci DEFAULT NULL,
  `rate` decimal(20,1) DEFAULT NULL,
  `name` varchar(255) CHARACTER SET utf8mb4 COLLATE utf8mb4_unicode_ci DEFAULT NULL,
  `installationdate` date DEFAULT NULL,
  `vehicle_id` bigint unsigned NOT NULL,
  `user_id` bigint unsigned DEFAULT NULL,
  `review_id` bigint unsigned DEFAULT NULL,
  `comment_id` bigint unsigned DEFAULT NULL,
  `schedules_id` bigint unsigned DEFAULT NULL,
  `purchase_id` bigint unsigned DEFAULT NULL,
  `report_id` bigint unsigned DEFAULT NULL,
  PRIMARY KEY (`id`),
  KEY `connections_vehicle_id_foreign` (`vehicle_id`),
  KEY `connections_user_id_foreign` (`user_id`),
  KEY `connections_review_id_foreign` (`review_id`),
  KEY `connections_schedules_id_foreign` (`schedules_id`),
  KEY `connections_comment_id_foreign` (`comment_id`),
  KEY `connections_device_id_foreign` (`device_id`),
  KEY `connections_purchase_id_foreign` (`purchase_id`),
  KEY `connections_report_id_foreign` (`report_id`),
  CONSTRAINT `connections_comment_id_foreign` FOREIGN KEY (`comment_id`) REFERENCES `comments` (`id`) ON DELETE CASCADE ON UPDATE CASCADE,
  CONSTRAINT `connections_device_id_foreign` FOREIGN KEY (`device_id`) REFERENCES `devices` (`id`) ON DELETE CASCADE ON UPDATE CASCADE,
  CONSTRAINT `connections_purchase_id_foreign` FOREIGN KEY (`purchase_id`) REFERENCES `purchases` (`id`) ON DELETE CASCADE ON UPDATE CASCADE,
  CONSTRAINT `connections_report_id_foreign` FOREIGN KEY (`report_id`) REFERENCES `reports` (`id`) ON DELETE CASCADE ON UPDATE CASCADE,
  CONSTRAINT `connections_review_id_foreign` FOREIGN KEY (`review_id`) REFERENCES `reviews` (`id`) ON DELETE CASCADE,
  CONSTRAINT `connections_schedules_id_foreign` FOREIGN KEY (`schedules_id`) REFERENCES `schedules` (`id`) ON DELETE CASCADE,
  CONSTRAINT `connections_user_id_foreign` FOREIGN KEY (`user_id`) REFERENCES `users` (`id`) ON DELETE CASCADE,
  CONSTRAINT `connections_vehicle_id_foreign` FOREIGN KEY (`vehicle_id`) REFERENCES `vehicles` (`id`) ON DELETE CASCADE
) ENGINE=InnoDB AUTO_INCREMENT=220 DEFAULT CHARSET=utf8mb4 COLLATE=utf8mb4_unicode_ci;

-- Listage des données de la table carmaintain.connections : ~0 rows (environ)
INSERT INTO `connections` (`id`, `device_id`, `created_at`, `updated_at`, `connection_id`, `rate`, `name`, `installationdate`, `vehicle_id`, `user_id`, `review_id`, `comment_id`, `schedules_id`, `purchase_id`, `report_id`) VALUES
	(16, 30, '2024-04-29 18:11:14', '2024-04-29 18:11:14', NULL, NULL, NULL, NULL, 39, NULL, NULL, NULL, NULL, NULL, NULL),
	(18, 34, '2024-04-29 18:12:09', '2024-04-29 18:12:09', NULL, NULL, NULL, NULL, 146, NULL, NULL, NULL, NULL, NULL, NULL),
	(20, 36, '2024-04-29 18:13:02', '2024-04-29 18:13:02', NULL, NULL, NULL, NULL, 213, NULL, NULL, NULL, NULL, NULL, NULL),
	(21, 34, '2024-04-29 18:13:02', '2024-04-29 18:13:02', NULL, NULL, NULL, NULL, 117, NULL, NULL, NULL, NULL, NULL, NULL),
	(22, 31, '2024-04-29 18:13:02', '2024-04-29 18:13:02', NULL, NULL, NULL, NULL, 112, NULL, NULL, NULL, NULL, NULL, NULL),
	(23, 37, '2024-04-29 18:13:02', '2024-04-29 18:13:02', NULL, NULL, NULL, NULL, 32, NULL, NULL, NULL, NULL, NULL, NULL),
	(26, 34, '2024-04-29 18:13:03', '2024-04-29 18:13:03', NULL, NULL, NULL, NULL, 113, NULL, NULL, NULL, NULL, NULL, NULL),
	(28, 30, '2024-04-29 18:13:03', '2024-04-29 18:13:03', NULL, NULL, NULL, NULL, 20, NULL, NULL, NULL, NULL, NULL, NULL),
	(32, 33, '2024-04-29 18:13:05', '2024-04-29 18:13:05', NULL, NULL, NULL, NULL, 146, NULL, NULL, NULL, NULL, NULL, NULL),
	(33, 32, '2024-04-29 18:13:05', '2024-04-29 18:13:05', NULL, NULL, NULL, NULL, 138, NULL, NULL, NULL, NULL, NULL, NULL),
	(35, 30, '2024-04-29 18:13:05', '2024-04-29 18:13:05', NULL, NULL, NULL, NULL, 26, NULL, NULL, NULL, NULL, NULL, NULL),
	(36, 32, '2024-04-29 18:13:05', '2024-04-29 18:13:05', NULL, NULL, NULL, NULL, 59, NULL, NULL, NULL, NULL, NULL, NULL),
	(37, 33, '2024-04-29 18:13:05', '2024-04-29 18:13:05', NULL, NULL, NULL, NULL, 48, NULL, NULL, NULL, NULL, NULL, NULL),
	(40, 33, '2024-04-29 18:13:14', '2024-04-29 18:13:14', NULL, NULL, NULL, NULL, 152, NULL, NULL, NULL, NULL, NULL, NULL),
	(42, 33, '2024-04-29 18:13:14', '2024-04-29 18:13:14', NULL, NULL, NULL, NULL, 102, NULL, NULL, NULL, NULL, NULL, NULL),
	(43, 30, '2024-04-29 18:13:14', '2024-04-29 18:13:14', NULL, NULL, NULL, NULL, 211, NULL, NULL, NULL, NULL, NULL, NULL),
	(44, 32, '2024-04-29 18:13:14', '2024-04-29 18:13:14', NULL, NULL, NULL, NULL, 171, NULL, NULL, NULL, NULL, NULL, NULL),
	(47, 31, '2024-04-29 18:13:19', '2024-04-29 18:13:19', NULL, NULL, NULL, NULL, 189, NULL, NULL, NULL, NULL, NULL, NULL),
	(48, 31, '2024-04-29 18:13:19', '2024-04-29 18:13:19', NULL, NULL, NULL, NULL, 62, NULL, NULL, NULL, NULL, NULL, NULL),
	(51, 33, '2024-04-29 18:13:21', '2024-04-29 18:13:21', NULL, NULL, NULL, NULL, 210, NULL, NULL, NULL, NULL, NULL, NULL),
	(59, 36, '2024-04-29 18:13:21', '2024-04-29 18:13:21', NULL, NULL, NULL, NULL, 78, NULL, NULL, NULL, NULL, NULL, NULL),
	(63, 36, '2024-04-29 18:13:22', '2024-04-29 18:13:22', NULL, NULL, NULL, NULL, 166, NULL, NULL, NULL, NULL, NULL, NULL),
	(64, 37, '2024-04-29 18:13:22', '2024-04-29 18:13:22', NULL, NULL, NULL, NULL, 165, NULL, NULL, NULL, NULL, NULL, NULL),
	(67, 32, '2024-04-29 18:13:22', '2024-04-29 18:13:22', NULL, NULL, NULL, NULL, 29, NULL, NULL, NULL, NULL, NULL, NULL),
	(69, 36, '2024-04-29 18:13:22', '2024-04-29 18:13:22', NULL, NULL, NULL, NULL, 96, NULL, NULL, NULL, NULL, NULL, NULL),
	(70, 34, '2024-04-29 18:13:22', '2024-04-29 18:13:22', NULL, NULL, NULL, NULL, 172, NULL, NULL, NULL, NULL, NULL, NULL),
	(71, 36, '2024-04-29 18:13:22', '2024-04-29 18:13:22', NULL, NULL, NULL, NULL, 174, NULL, NULL, NULL, NULL, NULL, NULL),
	(73, 36, '2024-04-29 18:13:24', '2024-04-29 18:13:24', NULL, NULL, NULL, NULL, 63, NULL, NULL, NULL, NULL, NULL, NULL),
	(77, 36, '2024-04-29 18:13:24', '2024-04-29 18:13:24', NULL, NULL, NULL, NULL, 151, NULL, NULL, NULL, NULL, NULL, NULL),
	(78, 33, '2024-04-29 18:13:24', '2024-04-29 18:13:24', NULL, NULL, NULL, NULL, 160, NULL, NULL, NULL, NULL, NULL, NULL),
	(79, 36, '2024-04-29 18:13:24', '2024-04-29 18:13:24', NULL, NULL, NULL, NULL, 161, NULL, NULL, NULL, NULL, NULL, NULL),
	(83, 36, '2024-04-29 18:13:25', '2024-04-29 18:13:25', NULL, NULL, NULL, NULL, 64, NULL, NULL, NULL, NULL, NULL, NULL),
	(86, 37, '2024-04-29 18:13:25', '2024-04-29 18:13:25', NULL, NULL, NULL, NULL, 172, NULL, NULL, NULL, NULL, NULL, NULL),
	(89, 36, '2024-04-29 18:13:25', '2024-04-29 18:13:25', NULL, NULL, NULL, NULL, 111, NULL, NULL, NULL, NULL, NULL, NULL),
	(90, 36, '2024-04-29 18:13:25', '2024-04-29 18:13:25', NULL, NULL, NULL, NULL, 126, NULL, NULL, NULL, NULL, NULL, NULL),
	(94, 31, '2024-04-29 18:13:27', '2024-04-29 18:13:27', NULL, NULL, NULL, NULL, 210, NULL, NULL, NULL, NULL, NULL, NULL),
	(95, 30, '2024-04-29 18:13:27', '2024-04-29 18:13:27', NULL, NULL, NULL, NULL, 122, NULL, NULL, NULL, NULL, NULL, NULL),
	(96, 33, '2024-04-29 18:13:27', '2024-04-29 18:13:27', NULL, NULL, NULL, NULL, 76, NULL, NULL, NULL, NULL, NULL, NULL),
	(97, 32, '2024-04-29 18:13:27', '2024-04-29 18:13:27', NULL, NULL, NULL, NULL, 105, NULL, NULL, NULL, NULL, NULL, NULL),
	(99, 30, '2024-04-29 18:13:27', '2024-04-29 18:13:27', NULL, NULL, NULL, NULL, 180, NULL, NULL, NULL, NULL, NULL, NULL),
	(100, 33, '2024-04-29 18:13:27', '2024-04-29 18:13:27', NULL, NULL, NULL, NULL, 84, NULL, NULL, NULL, NULL, NULL, NULL),
	(103, 33, '2024-04-29 18:13:29', '2024-04-29 18:13:29', NULL, NULL, NULL, NULL, 187, NULL, NULL, NULL, NULL, NULL, NULL),
	(104, 31, '2024-04-29 18:13:29', '2024-04-29 18:13:29', NULL, NULL, NULL, NULL, 192, NULL, NULL, NULL, NULL, NULL, NULL),
	(106, 37, '2024-04-29 18:13:30', '2024-04-29 18:13:30', NULL, NULL, NULL, NULL, 106, NULL, NULL, NULL, NULL, NULL, NULL),
	(108, 31, '2024-04-29 18:13:30', '2024-04-29 18:13:30', NULL, NULL, NULL, NULL, 124, NULL, NULL, NULL, NULL, NULL, NULL),
	(111, 34, '2024-04-29 18:13:30', '2024-04-29 18:13:30', NULL, NULL, NULL, NULL, 207, NULL, NULL, NULL, NULL, NULL, NULL),
	(117, 34, '2024-04-29 18:13:51', '2024-04-29 18:13:51', NULL, NULL, NULL, NULL, 122, NULL, NULL, NULL, NULL, NULL, NULL),
	(120, 30, '2024-04-29 18:13:53', '2024-04-29 18:13:53', NULL, NULL, NULL, NULL, 161, NULL, NULL, NULL, NULL, NULL, NULL),
	(121, 37, '2024-04-29 18:13:53', '2024-04-29 18:13:53', NULL, NULL, NULL, NULL, 49, NULL, NULL, NULL, NULL, NULL, NULL),
	(125, 31, '2024-04-29 18:13:53', '2024-04-29 18:13:53', NULL, NULL, NULL, NULL, 95, NULL, NULL, NULL, NULL, NULL, NULL),
	(127, 33, '2024-04-29 18:13:53', '2024-04-29 18:13:53', NULL, NULL, NULL, NULL, 160, NULL, NULL, NULL, NULL, NULL, NULL),
	(128, 33, '2024-04-29 18:13:53', '2024-04-29 18:13:53', NULL, NULL, NULL, NULL, 77, NULL, NULL, NULL, NULL, NULL, NULL),
	(130, 37, '2024-04-29 18:13:55', '2024-04-29 18:13:55', NULL, NULL, NULL, NULL, 75, NULL, NULL, NULL, NULL, NULL, NULL),
	(131, 31, '2024-04-29 18:13:55', '2024-04-29 18:13:55', NULL, NULL, NULL, NULL, 26, NULL, NULL, NULL, NULL, NULL, NULL),
	(132, 37, '2024-04-29 18:13:55', '2024-04-29 18:13:55', NULL, NULL, NULL, NULL, 154, NULL, NULL, NULL, NULL, NULL, NULL),
	(141, 32, '2024-04-29 18:13:59', '2024-04-29 18:13:59', NULL, NULL, NULL, NULL, 119, NULL, NULL, NULL, NULL, NULL, NULL),
	(142, 33, '2024-04-29 18:13:59', '2024-04-29 18:13:59', NULL, NULL, NULL, NULL, 126, NULL, NULL, NULL, NULL, NULL, NULL),
	(143, 33, '2024-04-29 18:13:59', '2024-04-29 18:13:59', NULL, NULL, NULL, NULL, 170, NULL, NULL, NULL, NULL, NULL, NULL),
	(146, 31, '2024-04-29 18:13:59', '2024-04-29 18:13:59', NULL, NULL, NULL, NULL, 65, NULL, NULL, NULL, NULL, NULL, NULL),
	(147, 36, '2024-04-29 18:13:59', '2024-04-29 18:13:59', NULL, NULL, NULL, NULL, 183, NULL, NULL, NULL, NULL, NULL, NULL),
	(148, 34, '2024-04-29 18:13:59', '2024-04-29 18:13:59', NULL, NULL, NULL, NULL, 90, NULL, NULL, NULL, NULL, NULL, NULL),
	(149, 36, '2024-04-29 18:13:59', '2024-04-29 18:13:59', NULL, NULL, NULL, NULL, 54, NULL, NULL, NULL, NULL, NULL, NULL),
	(152, 34, '2024-04-29 18:50:06', '2024-04-29 18:50:06', NULL, NULL, NULL, NULL, 185, NULL, NULL, NULL, NULL, NULL, NULL),
	(153, 30, '2024-04-29 18:50:06', '2024-04-29 18:50:06', NULL, NULL, NULL, NULL, 208, NULL, NULL, NULL, NULL, NULL, NULL),
	(154, 31, '2024-04-29 18:50:06', '2024-04-29 18:50:06', NULL, NULL, NULL, NULL, 146, NULL, NULL, NULL, NULL, NULL, NULL),
	(155, 36, '2024-04-29 18:50:06', '2024-04-29 18:50:06', NULL, NULL, NULL, NULL, 156, NULL, NULL, NULL, NULL, NULL, NULL),
	(156, 37, '2024-04-29 18:50:06', '2024-04-29 18:50:06', NULL, NULL, NULL, NULL, 201, NULL, NULL, NULL, NULL, NULL, NULL),
	(157, 32, '2024-04-29 18:50:06', '2024-04-29 18:50:06', NULL, NULL, NULL, NULL, 174, NULL, NULL, NULL, NULL, NULL, NULL),
	(158, 37, '2024-04-29 18:50:06', '2024-04-29 18:50:06', NULL, NULL, NULL, NULL, 210, NULL, NULL, NULL, NULL, NULL, NULL),
	(159, 33, '2024-04-29 18:50:06', '2024-04-29 18:50:06', NULL, NULL, NULL, NULL, 27, NULL, NULL, NULL, NULL, NULL, NULL),
	(160, 36, '2024-04-29 18:50:06', '2024-04-29 18:50:06', NULL, NULL, NULL, NULL, 107, NULL, NULL, NULL, NULL, NULL, NULL),
	(161, 31, '2024-04-29 18:50:07', '2024-04-29 18:50:07', NULL, NULL, NULL, NULL, 71, NULL, NULL, NULL, NULL, NULL, NULL),
	(163, 31, '2024-04-29 18:50:10', '2024-04-29 18:50:10', NULL, NULL, NULL, NULL, 56, NULL, NULL, NULL, NULL, NULL, NULL),
	(164, 37, '2024-04-29 18:50:10', '2024-04-29 18:50:10', NULL, NULL, NULL, NULL, 189, NULL, NULL, NULL, NULL, NULL, NULL),
	(166, 32, '2024-04-29 18:50:11', '2024-04-29 18:50:11', NULL, NULL, NULL, NULL, 160, NULL, NULL, NULL, NULL, NULL, NULL),
	(167, 36, '2024-04-29 18:50:11', '2024-04-29 18:50:11', NULL, NULL, NULL, NULL, 172, NULL, NULL, NULL, NULL, NULL, NULL),
	(168, 32, '2024-04-29 18:50:11', '2024-04-29 18:50:11', NULL, NULL, NULL, NULL, 179, NULL, NULL, NULL, NULL, NULL, NULL),
	(171, 36, '2024-04-29 18:50:14', '2024-04-29 18:50:14', NULL, NULL, NULL, NULL, 105, NULL, NULL, NULL, NULL, NULL, NULL),
	(173, 30, '2024-04-29 18:50:16', '2024-04-29 18:50:16', NULL, NULL, NULL, NULL, 192, NULL, NULL, NULL, NULL, NULL, NULL),
	(174, 30, '2024-04-29 18:50:16', '2024-04-29 18:50:16', NULL, NULL, NULL, NULL, 73, NULL, NULL, NULL, NULL, NULL, NULL),
	(175, 33, '2024-04-29 18:50:16', '2024-04-29 18:50:16', NULL, NULL, NULL, NULL, 15, NULL, NULL, NULL, NULL, NULL, NULL),
	(176, 37, '2024-04-29 18:50:16', '2024-04-29 18:50:16', NULL, NULL, NULL, NULL, 104, NULL, NULL, NULL, NULL, NULL, NULL),
	(177, 30, '2024-04-29 18:50:16', '2024-04-29 18:50:16', NULL, NULL, NULL, NULL, 49, NULL, NULL, NULL, NULL, NULL, NULL),
	(178, 34, '2024-04-29 18:50:16', '2024-04-29 18:50:16', NULL, NULL, NULL, NULL, 121, NULL, NULL, NULL, NULL, NULL, NULL),
	(179, 37, '2024-04-29 18:50:16', '2024-04-29 18:50:16', NULL, NULL, NULL, NULL, 27, NULL, NULL, NULL, NULL, NULL, NULL),
	(180, 32, '2024-04-29 18:50:16', '2024-04-29 18:50:16', NULL, NULL, NULL, NULL, 44, NULL, NULL, NULL, NULL, NULL, NULL),
	(181, 36, '2024-04-29 18:50:16', '2024-04-29 18:50:16', NULL, NULL, NULL, NULL, 182, NULL, NULL, NULL, NULL, NULL, NULL),
	(182, 36, '2024-04-29 18:50:16', '2024-04-29 18:50:16', NULL, NULL, NULL, NULL, 113, NULL, NULL, NULL, NULL, NULL, NULL),
	(185, 33, '2024-04-29 18:50:18', '2024-04-29 18:50:18', NULL, NULL, NULL, NULL, 195, NULL, NULL, NULL, NULL, NULL, NULL),
	(186, 32, '2024-04-29 18:50:18', '2024-04-29 18:50:18', NULL, NULL, NULL, NULL, 207, NULL, NULL, NULL, NULL, NULL, NULL),
	(187, 34, '2024-04-29 18:50:18', '2024-04-29 18:50:18', NULL, NULL, NULL, NULL, 98, NULL, NULL, NULL, NULL, NULL, NULL),
	(188, 33, '2024-04-29 18:50:18', '2024-04-29 18:50:18', NULL, NULL, NULL, NULL, 152, NULL, NULL, NULL, NULL, NULL, NULL),
	(190, 33, '2024-04-29 18:50:20', '2024-04-29 18:50:20', NULL, NULL, NULL, NULL, 158, NULL, NULL, NULL, NULL, NULL, NULL),
	(192, 36, '2024-04-29 18:50:21', '2024-04-29 18:50:21', NULL, NULL, NULL, NULL, 130, NULL, NULL, NULL, NULL, NULL, NULL),
	(193, 31, '2024-04-29 18:50:21', '2024-04-29 18:50:21', NULL, NULL, NULL, NULL, 201, NULL, NULL, NULL, NULL, NULL, NULL),
	(194, 33, '2024-04-29 18:50:21', '2024-04-29 18:50:21', NULL, NULL, NULL, NULL, 38, NULL, NULL, NULL, NULL, NULL, NULL),
	(195, 32, '2024-04-29 18:50:21', '2024-04-29 18:50:21', NULL, NULL, NULL, NULL, 125, NULL, NULL, NULL, NULL, NULL, NULL),
	(196, 33, '2024-04-29 18:50:21', '2024-04-29 18:50:21', NULL, NULL, NULL, NULL, 39, NULL, NULL, NULL, NULL, NULL, NULL),
	(197, 31, '2024-04-29 18:50:21', '2024-04-29 18:50:21', NULL, NULL, NULL, NULL, 122, NULL, NULL, NULL, NULL, NULL, NULL),
	(199, 30, '2024-04-29 18:50:23', '2024-04-29 18:50:23', NULL, NULL, NULL, NULL, 85, NULL, NULL, NULL, NULL, NULL, NULL),
	(201, 30, '2024-04-29 18:50:24', '2024-04-29 18:50:24', NULL, NULL, NULL, NULL, 198, NULL, NULL, NULL, NULL, NULL, NULL),
	(202, 32, '2024-04-29 18:50:24', '2024-04-29 18:50:24', NULL, NULL, NULL, NULL, 123, NULL, NULL, NULL, NULL, NULL, NULL),
	(204, 34, '2024-04-29 18:50:26', '2024-04-29 18:50:26', NULL, NULL, NULL, NULL, 204, NULL, NULL, NULL, NULL, NULL, NULL),
	(205, 36, '2024-04-29 18:50:26', '2024-04-29 18:50:26', NULL, NULL, NULL, NULL, 79, NULL, NULL, NULL, NULL, NULL, NULL),
	(206, 30, '2024-04-29 18:50:26', '2024-04-29 18:50:26', NULL, NULL, NULL, NULL, 209, NULL, NULL, NULL, NULL, NULL, NULL),
	(207, 37, '2024-04-29 18:50:26', '2024-04-29 18:50:26', NULL, NULL, NULL, NULL, 29, NULL, NULL, NULL, NULL, NULL, NULL),
	(208, 34, '2024-04-29 18:50:26', '2024-04-29 18:50:26', NULL, NULL, NULL, NULL, 114, NULL, NULL, NULL, NULL, NULL, NULL),
	(210, 36, '2024-04-29 18:50:27', '2024-04-29 18:50:27', NULL, NULL, NULL, NULL, 163, NULL, NULL, NULL, NULL, NULL, NULL),
	(211, 33, '2024-04-29 18:50:27', '2024-04-29 18:50:27', NULL, NULL, NULL, NULL, 153, NULL, NULL, NULL, NULL, NULL, NULL),
	(212, 31, '2024-04-29 18:50:27', '2024-04-29 18:50:27', NULL, NULL, NULL, NULL, 85, NULL, NULL, NULL, NULL, NULL, NULL),
	(213, 37, '2024-04-29 18:50:27', '2024-04-29 18:50:27', NULL, NULL, NULL, NULL, 157, NULL, NULL, NULL, NULL, NULL, NULL),
	(214, 31, '2024-04-29 18:50:27', '2024-04-29 18:50:27', NULL, NULL, NULL, NULL, 134, NULL, NULL, NULL, NULL, NULL, NULL),
	(215, 30, '2024-04-29 18:50:27', '2024-04-29 18:50:27', NULL, NULL, NULL, NULL, 191, NULL, NULL, NULL, NULL, NULL, NULL),
	(216, 32, '2024-04-29 18:50:27', '2024-04-29 18:50:27', NULL, NULL, NULL, NULL, 27, NULL, NULL, NULL, NULL, NULL, NULL),
	(217, 31, '2024-04-29 18:50:27', '2024-04-29 18:50:27', NULL, NULL, NULL, NULL, 92, NULL, NULL, NULL, NULL, NULL, NULL),
	(219, 37, '2024-04-29 18:53:16', '2024-04-29 18:53:16', NULL, NULL, 'User37: Rearview Camera. Connected', '2024-04-29', 11, NULL, NULL, NULL, NULL, NULL, NULL);

-- Listage de la structure de table carmaintain. contacts
CREATE TABLE IF NOT EXISTS `contacts` (
  `id` bigint unsigned NOT NULL AUTO_INCREMENT,
  `name` varchar(255) COLLATE utf8mb4_unicode_ci NOT NULL,
  `email` varchar(255) COLLATE utf8mb4_unicode_ci NOT NULL,
  `message` varchar(255) COLLATE utf8mb4_unicode_ci NOT NULL,
  `created_at` timestamp NULL DEFAULT NULL,
  `updated_at` timestamp NULL DEFAULT NULL,
  PRIMARY KEY (`id`)
) ENGINE=InnoDB DEFAULT CHARSET=utf8mb4 COLLATE=utf8mb4_unicode_ci;

-- Listage des données de la table carmaintain.contacts : ~0 rows (environ)

-- Listage de la structure de table carmaintain. dashboards
CREATE TABLE IF NOT EXISTS `dashboards` (
  `id` bigint unsigned NOT NULL AUTO_INCREMENT,
  `role` varchar(255) COLLATE utf8mb4_unicode_ci NOT NULL,
  `element` varchar(255) COLLATE utf8mb4_unicode_ci NOT NULL,
  `plan` varchar(255) COLLATE utf8mb4_unicode_ci NOT NULL,
  `actions` varchar(255) COLLATE utf8mb4_unicode_ci NOT NULL,
  `created_at` timestamp NULL DEFAULT NULL,
  `updated_at` timestamp NULL DEFAULT NULL,
  PRIMARY KEY (`id`),
  KEY `plan` (`plan`),
  CONSTRAINT `dashboards_plan_foreign` FOREIGN KEY (`plan`) REFERENCES `payment_plans` (`name`) ON DELETE CASCADE ON UPDATE CASCADE
) ENGINE=InnoDB DEFAULT CHARSET=utf8mb4 COLLATE=utf8mb4_unicode_ci;

-- Listage des données de la table carmaintain.dashboards : ~0 rows (environ)

-- Listage de la structure de table carmaintain. devices
CREATE TABLE IF NOT EXISTS `devices` (
  `id` bigint unsigned NOT NULL AUTO_INCREMENT,
  `serial_number` varchar(255) COLLATE utf8mb4_unicode_ci NOT NULL,
  `type` varchar(255) COLLATE utf8mb4_unicode_ci NOT NULL,
  `price` decimal(8,2) DEFAULT NULL,
  `created_at` timestamp NULL DEFAULT NULL,
  `updated_at` timestamp NULL DEFAULT NULL,
  `installation_date` date DEFAULT NULL,
  `image` varchar(255) COLLATE utf8mb4_unicode_ci DEFAULT NULL,
  `connectorType` varchar(50) COLLATE utf8mb4_unicode_ci DEFAULT NULL,
  `color` varchar(50) COLLATE utf8mb4_unicode_ci DEFAULT NULL,
  `includedComponents` varchar(255) CHARACTER SET utf8mb4 COLLATE utf8mb4_unicode_ci DEFAULT NULL,
  `mountingType` varchar(10) COLLATE utf8mb4_unicode_ci DEFAULT NULL,
  PRIMARY KEY (`id`)
) ENGINE=InnoDB AUTO_INCREMENT=43 DEFAULT CHARSET=utf8mb4 COLLATE=utf8mb4_unicode_ci;

-- Listage des données de la table carmaintain.devices : ~7 rows (environ)
INSERT INTO `devices` (`id`, `serial_number`, `type`, `price`, `created_at`, `updated_at`, `installation_date`, `image`, `connectorType`, `color`, `includedComponents`, `mountingType`) VALUES
	(30, 'BE920WCPA', 'Boss stereo speakers', NULL, '2024-03-24 18:24:48', '2024-03-24 18:24:48', '2024-03-24', 'storage/images/lL7rWhpwF9SkHq8EuzuLTNget0USa4w97YsU5ftp.jpg', 'Speaker Wire Terminals', 'white', 'Speaker Units, Speaker Enclosures, Wiring Harness, Mounting Hardware', 'car'),
	(31, 'B0C4HK7QLW', 'Speedmeters Display Dash Monitor', NULL, '2024-03-24 18:27:00', '2024-03-24 18:27:00', '2024-03-24', 'storage/images/2ivZzuJ92mI2UOaFyQHaz7tHJNgk8QBhFe0jf6sK.gif', 'Wiring Harness', 'transparent', 'Display Screen, Control Unit, Wiring Harness, Mounting Hardware', 'car'),
	(32, 'L5300XBEGWW', 'Samsung Super Fast Dual Car Charger', NULL, '2024-03-24 18:38:13', '2024-03-24 18:38:13', '2024-03-24', 'storage/images/4E0FP3gj2WKd91j8QIiKuRkUcOKaRD6g4ckXbdN6.jpg', 'USB Type C', 'black', 'Charging Ports: USB ports or other connectors for charging electronic devices such as smartphones, tablets, or other USB-powered devices.', 'car'),
	(33, 'Mercedes W223 S550', 'Car TV Screen Rear Seat Entertainment System', NULL, '2024-03-24 18:42:40', '2024-03-24 18:42:40', '2024-03-24', 'storage/images/jbedcEEEy3iwJMJ2Ct3QvhgSIchWubd7MHUmD4kb.jpg', 'HDMI Input', 'black', 'Display Screen, Audio System, Control Unit, Input Sources, Remote Control', 'car'),
	(34, 'Tesla Model 3 Y', 'Touch Screen Entertainment System AC ControlzC', NULL, '2024-03-24 18:49:33', '2024-03-24 18:49:33', '2024-03-24', 'storage/images/Qh3cvRFbbaXxHbo15cEMcLReGwxA9wKEwin87Cv3.jpg', 'HDMI Input, Wiring Harness', 'gray', 'Display Screen, Audio System, Control Unit, Input Sources, Remote Control', 'car'),
	(36, 'Series 61319241915', 'Window Switch Door Lock Front Driver Side with Mirror Switch', NULL, '2024-03-24 18:56:29', '2024-03-24 18:56:29', '2024-03-24', 'storage/images/EaubL3yrNICNqvQ9ulGYHcyvQakl4tXG5TspxwS6.jpg', 'wiring harness', 'black', 'Window Switches, Door Lock Switch, Mirror Adjustment Controls', 'car'),
	(37, 'Pioneer ND-BC010', 'Rearview Camera', NULL, '2024-03-24 19:25:18', '2024-03-24 19:25:18', '2024-03-24', 'storage/images/OziCK1ryW3sCiGJyOuPQFhnyzHe6mXkK4FlTqVcN.jpg', 'wiring harness', 'black', 'Camera Unit, Wiring Harness, Display Unit, Mounting Hardware', 'car');

-- Listage de la structure de table carmaintain. device_usages
CREATE TABLE IF NOT EXISTS `device_usages` (
  `id` bigint unsigned NOT NULL AUTO_INCREMENT,
  `user_id` bigint unsigned NOT NULL,
  `device_id` bigint unsigned NOT NULL,
  `usage_count` int NOT NULL,
  `created_at` timestamp NULL DEFAULT NULL,
  `updated_at` timestamp NULL DEFAULT NULL,
  PRIMARY KEY (`id`),
  KEY `device_usages_device_id_foreign` (`device_id`),
  KEY `device_usages_user_id_foreign` (`user_id`),
  CONSTRAINT `device_usages_device_id_foreign` FOREIGN KEY (`device_id`) REFERENCES `devices` (`id`) ON DELETE CASCADE ON UPDATE CASCADE,
  CONSTRAINT `device_usages_user_id_foreign` FOREIGN KEY (`user_id`) REFERENCES `users` (`id`) ON DELETE CASCADE ON UPDATE CASCADE
) ENGINE=InnoDB AUTO_INCREMENT=61 DEFAULT CHARSET=utf8mb4 COLLATE=utf8mb4_unicode_ci;

-- Listage des données de la table carmaintain.device_usages : ~0 rows (environ)
INSERT INTO `device_usages` (`id`, `user_id`, `device_id`, `usage_count`, `created_at`, `updated_at`) VALUES
	(11, 67, 36, 100, '2024-04-29 17:48:39', '2024-04-29 17:48:39'),
	(12, 67, 34, 100, '2024-04-29 17:48:45', '2024-04-29 17:48:45'),
	(14, 68, 33, 547, '2024-04-29 18:20:58', '2024-04-29 18:20:58'),
	(15, 93, 36, 574, '2024-04-29 18:20:58', '2024-04-29 18:20:58'),
	(16, 15, 33, 449, '2024-04-29 18:20:58', '2024-04-29 18:20:58'),
	(17, 71, 37, 1024, '2024-04-29 18:20:58', '2024-04-29 18:53:16'),
	(18, 93, 32, 593, '2024-04-29 18:20:58', '2024-04-29 18:20:58'),
	(19, 78, 37, 136, '2024-04-29 18:20:58', '2024-04-29 18:20:58'),
	(20, 157, 30, 910, '2024-04-29 18:20:58', '2024-04-29 18:20:58'),
	(21, 156, 30, 608, '2024-04-29 18:20:58', '2024-04-29 18:20:58'),
	(22, 13, 37, 795, '2024-04-29 18:20:58', '2024-04-29 18:20:58'),
	(23, 142, 37, 110, '2024-04-29 18:20:58', '2024-04-29 18:20:58'),
	(24, 200, 32, 627, '2024-04-29 18:20:58', '2024-04-29 18:20:58'),
	(25, 114, 37, 893, '2024-04-29 18:20:58', '2024-04-29 18:20:58'),
	(30, 51, 36, 317, '2024-04-29 18:21:21', '2024-04-29 18:21:21'),
	(31, 140, 32, 205, '2024-04-29 18:21:21', '2024-04-29 18:21:21'),
	(32, 123, 31, 624, '2024-04-29 18:21:21', '2024-04-29 18:21:21'),
	(33, 78, 32, 251, '2024-04-29 18:21:21', '2024-04-29 18:21:21'),
	(35, 84, 31, 652, '2024-04-29 18:21:22', '2024-04-29 18:21:22'),
	(36, 127, 37, 811, '2024-04-29 18:21:22', '2024-04-29 18:21:22'),
	(37, 77, 37, 331, '2024-04-29 18:21:22', '2024-04-29 18:21:22'),
	(38, 99, 32, 917, '2024-04-29 18:21:22', '2024-04-29 18:21:22'),
	(39, 52, 32, 327, '2024-04-29 18:21:22', '2024-04-29 18:21:22'),
	(40, 92, 33, 340, '2024-04-29 18:21:22', '2024-04-29 18:21:22'),
	(41, 168, 37, 373, '2024-04-29 18:21:22', '2024-04-29 18:21:22'),
	(43, 109, 31, 730, '2024-04-29 18:21:24', '2024-04-29 18:21:24'),
	(44, 81, 37, 861, '2024-04-29 18:21:24', '2024-04-29 18:21:24'),
	(45, 44, 31, 284, '2024-04-29 18:21:24', '2024-04-29 18:21:24'),
	(46, 72, 34, 922, '2024-04-29 18:21:24', '2024-04-29 18:21:24'),
	(47, 132, 36, 973, '2024-04-29 18:21:24', '2024-04-29 18:21:24'),
	(50, 113, 36, 444, '2024-04-29 18:21:40', '2024-04-29 18:21:40'),
	(51, 105, 32, 360, '2024-04-29 18:21:40', '2024-04-29 18:21:40'),
	(53, 133, 36, 920, '2024-04-29 18:21:43', '2024-04-29 18:21:43'),
	(55, 38, 36, 184, '2024-04-29 18:21:44', '2024-04-29 18:21:44'),
	(56, 53, 31, 432, '2024-04-29 18:21:44', '2024-04-29 18:21:44'),
	(57, 87, 33, 768, '2024-04-29 18:21:44', '2024-04-29 18:21:44'),
	(59, 78, 34, 946, '2024-04-29 18:21:46', '2024-04-29 18:21:46');

-- Listage de la structure de table carmaintain. jobs
CREATE TABLE IF NOT EXISTS `jobs` (
  `id` bigint unsigned NOT NULL AUTO_INCREMENT,
  `title` varchar(255) COLLATE utf8mb4_unicode_ci NOT NULL,
  `description` text COLLATE utf8mb4_unicode_ci NOT NULL,
  `resume` text COLLATE utf8mb4_unicode_ci NOT NULL,
  `hash` text COLLATE utf8mb4_unicode_ci NOT NULL,
  `approval` int DEFAULT NULL,
  `created_at` timestamp NULL DEFAULT NULL,
  `updated_at` timestamp NULL DEFAULT NULL,
  `user_id` bigint unsigned DEFAULT NULL,
  PRIMARY KEY (`id`),
  KEY `jobs_user_id_foreign` (`user_id`),
  CONSTRAINT `jobs_user_id_foreign` FOREIGN KEY (`user_id`) REFERENCES `users` (`id`) ON DELETE CASCADE ON UPDATE CASCADE
) ENGINE=InnoDB AUTO_INCREMENT=174 DEFAULT CHARSET=utf8mb4 COLLATE=utf8mb4_unicode_ci;

-- Listage des données de la table carmaintain.jobs : ~0 rows (environ)
INSERT INTO `jobs` (`id`, `title`, `description`, `resume`, `hash`, `approval`, `created_at`, `updated_at`, `user_id`) VALUES
	(3, 'Nuclear Equipment Operation Technician', 'Quia expedita beatae natus perferendis et omnis ut. Ut error doloremque amet nostrum quia. Ex aut velit a ea veniam quos ab.', 'http://www.jast.com/velit-molestiae-placeat-sit', '050af75b413de662e7528064d9467f62', NULL, '2024-04-29 18:37:26', '2024-04-29 18:37:26', 175),
	(4, 'Material Moving Worker', 'Aut molestiae repellat at tenetur a pariatur laborum. Tempore nulla enim sed quo sequi reprehenderit.', 'http://lemke.net/excepturi-ipsa-dignissimos-vero-quia-ullam-cupiditate-eum', '08469969672ab71ec45881df92b6b360', NULL, '2024-04-29 18:37:27', '2024-04-29 18:37:27', 183),
	(5, 'Credit Authorizer', 'Et repellendus voluptatem debitis et enim porro. Quo qui maiores minus iusto excepturi. Eum nesciunt perspiciatis officia. Dolorum similique sed dolor labore enim.', 'http://www.hessel.com/et-iusto-nemo-omnis.html', 'ca438f59c462a6aabba992899e475836', NULL, '2024-04-29 18:37:27', '2024-04-29 18:37:27', 196),
	(6, 'Maintenance Equipment Operator', 'Numquam excepturi iusto fuga repellendus. Sed libero recusandae incidunt.', 'http://www.huel.com/officia-repellat-quia-aut-omnis-eius-illum-recusandae', '80b5289575ca7ff604c6e4bc39d118ee', NULL, '2024-04-29 18:37:27', '2024-04-29 18:37:27', 102),
	(7, 'Director Religious Activities', 'Quis placeat eveniet voluptatum sit molestiae. Voluptatem quisquam deleniti a veritatis aut accusamus. Dignissimos fuga nam est dolorem.', 'http://www.wunsch.com/', 'a6708e20921f8aafd2b33d768ba1921f', NULL, '2024-04-29 18:37:27', '2024-04-29 18:37:27', 164),
	(8, 'Dispatcher', 'Provident et praesentium praesentium praesentium sint est. Rerum perspiciatis commodi qui molestiae. Deserunt error cupiditate modi voluptatem excepturi eligendi consequatur est. Ullam adipisci maiores blanditiis et adipisci labore. Molestias rerum quisquam molestias dolorum.', 'http://www.ratke.info/temporibus-quod-aperiam-dicta-quia.html', '7bc719ad7b7a000d71e05aaaba9e1c7b', NULL, '2024-04-29 18:37:27', '2024-04-29 18:37:27', 191),
	(9, 'Production Inspector', 'Rerum et sint harum eligendi similique rem magni sequi. Quos autem ut similique qui. Architecto quibusdam est voluptas itaque beatae sunt dolor. Facere corporis enim in excepturi voluptatem.', 'http://www.kohler.com/aut-iusto-vero-alias-enim-ad', 'cc619f954cc8a2e7e66240f674c2d7b6', NULL, '2024-04-29 18:37:27', '2024-04-29 18:37:27', 36),
	(10, 'Paperhanger', 'Quia qui laudantium sint tempora reprehenderit atque. Ut eligendi perferendis minima beatae nihil. Sit suscipit itaque voluptate itaque accusamus non et. Vero omnis deserunt rem vel quos.', 'http://okeefe.com/occaecati-voluptatum-sequi-omnis-esse', '56531ca0fe487f907781855a831b3027', NULL, '2024-04-29 18:37:27', '2024-04-29 18:37:27', 15),
	(11, 'Coil Winders', 'Quam in voluptatem distinctio accusantium est deleniti. Consequatur nisi inventore aliquid est. At repudiandae illo qui sit autem hic. Cum natus consequatur aut atque aut quaerat provident.', 'http://aufderhar.com/', '4c29445b63157782c324fdf75a4e6efe', NULL, '2024-04-29 18:37:27', '2024-04-29 18:37:27', 57),
	(12, 'Postsecondary Education Administrators', 'Enim nostrum incidunt aut dolores voluptatem. Dolor est quo omnis placeat blanditiis ut error. Velit aut ducimus porro repellendus in provident. Libero laborum aperiam aut commodi nam a.', 'http://www.frami.com/', '6d5d66fa292564e94c7fec8b57cce6b7', NULL, '2024-04-29 18:37:27', '2024-04-29 18:37:27', 88),
	(13, 'License Clerk', 'Est vel dolores ab rerum porro. Eveniet qui temporibus consequuntur est hic tenetur commodi voluptatibus. Ab voluptate ipsam quisquam et. Modi ut excepturi non.', 'https://www.blanda.com/reprehenderit-culpa-et-quis-sunt-placeat-voluptatem', 'd95e1db8cbdd9a31a05ae8274730a108', NULL, '2024-04-29 18:37:27', '2024-04-29 18:37:27', 54),
	(14, 'Mechanical Engineering Technician', 'Necessitatibus et quasi corporis ducimus quia. Dolor hic odit omnis totam commodi sed. Vel accusantium esse ut pariatur itaque nemo non. Quia perspiciatis inventore quo mollitia illo.', 'http://www.macejkovic.com/sed-debitis-nam-ex-et-deleniti', '598b61589c62e274f108984dd171208b', NULL, '2024-04-29 18:37:27', '2024-04-29 18:37:27', 196),
	(15, 'MARCOM Director', 'Nesciunt quam omnis tempore autem ut et. Magni soluta nulla dicta similique. Fugiat id quasi ab magni et tempore in.', 'http://gorczany.com/illum-nobis-voluptate-iusto-voluptas', 'b62fed25b77b2181c406e382a93d544a', NULL, '2024-04-29 18:37:27', '2024-04-29 18:37:27', 139),
	(16, 'Chemical Plant Operator', 'Aut ex perferendis atque repudiandae. Autem voluptas est tenetur aliquam est id vel. Deleniti aliquam nostrum aut odio molestias. Est aut dolorem incidunt sit.', 'https://jenkins.com/et-quia-praesentium-et-sit.html', '84facb2759720908579822e9cf76be9d', NULL, '2024-04-29 18:37:27', '2024-04-29 18:37:27', 95),
	(17, 'Bartender Helper', 'Blanditiis consectetur sint nulla sint. Voluptatem et consequuntur omnis et maiores. Magnam ut unde ipsum quo.', 'http://www.schmidt.com/', 'bb48026c0b566ba0add574629f2978e2', NULL, '2024-04-29 18:37:27', '2024-04-29 18:37:27', 152),
	(20, 'Business Teacher', 'Nulla enim eligendi eum tempore aspernatur eos officia. Reiciendis voluptate ab pariatur eius ducimus eligendi. Et eum sed dolorem ex maxime voluptatibus. Itaque placeat tempora occaecati libero. Et aut commodi sit magnam.', 'https://www.huel.com/nostrum-numquam-consequatur-hic-quis-sed-recusandae-quisquam', 'f01509d0d12d21cad8d864ebde2ffe53', NULL, '2024-04-29 18:37:31', '2024-04-29 18:37:31', 193),
	(21, 'Command Control Center Officer', 'Eos ipsa et ut doloremque. A commodi consequuntur sunt accusamus tempore et ea. Natus nobis et enim.', 'http://streich.com/officiis-alias-eaque-ut-aperiam-ut-quos', '221aa717e6083e726d4c4790454ead71', NULL, '2024-04-29 18:37:31', '2024-04-29 18:37:31', 81),
	(22, 'Auditor', 'Quis et et illo impedit voluptatem. Voluptate ullam sit rerum. Aut ullam voluptate minus ut aut rerum. Eum vitae veniam dolores exercitationem.', 'https://schuster.com/inventore-sed-quo-officia-officiis-numquam-reiciendis.html', 'b100a3563e1a1d07e17d5a8dd284147c', NULL, '2024-04-29 18:37:31', '2024-04-29 18:37:31', 119),
	(23, 'Range Manager', 'Cum qui quia est dolore quis. Commodi maiores labore cum sint quia. Debitis minus beatae in qui in fuga.', 'http://adams.org/nostrum-pariatur-fugiat-qui-laudantium-tenetur-ipsa', '793d51dd0f5ce71d6bcb69040ad21655', NULL, '2024-04-29 18:37:31', '2024-04-29 18:37:31', 189),
	(24, 'Licensed Practical Nurse', 'Dicta perspiciatis sed ipsum iure delectus ut. Totam et quam totam vel labore consectetur ex. Inventore in ut veniam repellat quas magni deleniti in. Fuga molestias quae maiores consequuntur quas est quia.', 'https://www.pagac.net/est-dignissimos-doloribus-sint-laboriosam-ab-iste', '345d084351d82382dc9ab93988b04dbc', NULL, '2024-04-29 18:37:31', '2024-04-29 18:37:31', 122),
	(25, 'Truck Driver', 'Cupiditate enim animi atque corrupti sit quia sequi quam. Nostrum sit velit similique veritatis id voluptatem aspernatur fugit. Nihil hic eligendi eum dolorum est.', 'http://www.grimes.com/quas-odit-necessitatibus-aut', '9763d6f32c41ef55570251699c62ceb4', NULL, '2024-04-29 18:37:31', '2024-04-29 18:37:31', 160),
	(26, 'Historian', 'Neque temporibus aut ea. Sunt in tenetur ut autem similique non. Nihil nostrum consequatur necessitatibus.', 'http://www.feeney.com/itaque-error-similique-et-odit-labore', '948cbfdfc34ea51b00353d6ebe1a03e7', NULL, '2024-04-29 18:37:31', '2024-04-29 18:37:31', 71),
	(28, 'Mining Machine Operator', 'In sit provident aut explicabo quia voluptates. Sed possimus sed ut deleniti aliquam. Illum ullam et et omnis adipisci cupiditate.', 'http://brekke.com/est-veritatis-fuga-ea-et-at-omnis-illo.html', '7f3c8ad64072ac97ecdc9a5f93e42f07', NULL, '2024-04-29 18:37:32', '2024-04-29 18:37:32', 58),
	(29, 'Safety Engineer', 'Amet qui voluptas necessitatibus voluptates. Vel qui perferendis voluptatem. Officia at dicta architecto non sapiente quas reprehenderit.', 'http://www.hane.com/quam-voluptatem-et-sed-tempora-quaerat', '1fb21cdf74f3fe26e6011a5816c31a7d', NULL, '2024-04-29 18:37:32', '2024-04-29 18:37:32', 159),
	(30, 'Job Printer', 'Deserunt quia consectetur aut itaque quasi sed. Explicabo commodi exercitationem laboriosam sed magni. Saepe ea voluptatibus sunt voluptates delectus sapiente rerum. Velit neque perferendis molestiae.', 'http://www.batz.com/atque-dolores-libero-eos-ab-non-perferendis', 'd15a08d1fb8e38889f48eb3208111f43', NULL, '2024-04-29 18:37:32', '2024-04-29 18:37:32', 42),
	(32, 'Clinical School Psychologist', 'Repellendus ex et nobis rem. Qui explicabo eius illum molestiae. Beatae nihil eos deleniti quasi illum aut non consequuntur.', 'http://gusikowski.net/', '3dfae59d0baf17a75c147b1eabfcdfaf', NULL, '2024-04-29 18:37:33', '2024-04-29 18:37:33', 117),
	(33, 'Brake Machine Setter', 'Quas est possimus distinctio ratione ab. Pariatur quaerat alias porro quam omnis. Optio omnis voluptates a aut ut.', 'http://www.russel.info/id-ea-in-vel-et-ad', 'e02eb98d256ae9eafbe5acaec5ce4e4b', NULL, '2024-04-29 18:37:33', '2024-04-29 18:37:33', 142),
	(34, 'Computer Programmer', 'Ipsum qui provident ut dolores ut. Magnam laborum rem minima beatae consequuntur qui.', 'http://www.hauck.org/', 'cebf98e4549c3c4262f38706f8800fc6', NULL, '2024-04-29 18:37:33', '2024-04-29 18:37:33', 167),
	(35, 'Director Of Talent Acquisition', 'Dolore beatae cupiditate unde reprehenderit dignissimos. Earum est autem magnam est distinctio vel. Eaque accusamus asperiores hic culpa dolores non quam.', 'http://www.parisian.com/hic-maiores-corporis-facere-et', 'ef3c1102d36d0e9dd5d0c24d24a9ae5a', NULL, '2024-04-29 18:37:33', '2024-04-29 18:37:33', 14),
	(36, 'Healthcare Support Worker', 'Qui enim ipsa rerum earum cumque. Autem minima minima quod quod sit laboriosam. Et ex ad unde nobis quia in est voluptas.', 'https://www.bartoletti.com/atque-ratione-voluptatibus-quisquam-dolorum-sed-voluptates', '93c67284af0783d025555f5e2d2acddf', NULL, '2024-04-29 18:37:33', '2024-04-29 18:37:33', 55),
	(37, 'Product Management Leader', 'Cupiditate sequi quibusdam eaque nostrum quisquam quae voluptatem excepturi. Repudiandae nisi beatae sunt accusamus. Eius excepturi eum officiis aut. Magnam sunt quod quasi dignissimos.', 'http://www.harris.com/sapiente-consequatur-ducimus-ad-fugiat-minus-sunt', '0ad5685c606c19f0f9a892e20fb89a57', NULL, '2024-04-29 18:37:33', '2024-04-29 18:37:33', 155),
	(38, 'Diagnostic Medical Sonographer', 'Consequuntur quasi veritatis et qui. Sunt commodi dolorum distinctio et minus animi harum iste. A quae error molestiae consectetur.', 'http://abernathy.info/voluptates-id-officia-aut-ipsum-earum-quas-reiciendis.html', '97edf60a34ed25499a7ee46d338b6427', NULL, '2024-04-29 18:37:33', '2024-04-29 18:37:33', 115),
	(39, 'Brokerage Clerk', 'Excepturi cupiditate ducimus harum nisi. Eaque possimus eligendi earum earum necessitatibus eos voluptatem at. Officia quis deleniti rerum voluptates sed in.', 'https://www.hammes.biz/voluptatum-est-quidem-voluptas-in-et-cumque', 'c51f0d5f7b0901c74dd43c13aadcb508', NULL, '2024-04-29 18:37:33', '2024-04-29 18:37:33', 13),
	(40, 'HR Manager', 'Nostrum voluptas mollitia consequatur ratione qui. Qui voluptatum quos error eveniet porro libero quia. Unde adipisci totam nam quibusdam dignissimos sit.', 'http://www.kuphal.com/ullam-autem-qui-et-et-minus', '726f7f7b3940543500c9a1d0d1763d4b', NULL, '2024-04-29 18:37:33', '2024-04-29 18:37:33', 171),
	(41, 'Brazing Machine Operator', 'Voluptas adipisci eligendi dolor numquam dolorem qui rem. Commodi fugit non dolorem voluptas qui mollitia maxime ad. Et et ratione reiciendis quo voluptas ipsa.', 'https://www.kulas.net/voluptatibus-cupiditate-aut-voluptates-doloribus', '9c6415d8e1d3c28f4e5368ffbef9d5db', NULL, '2024-04-29 18:37:33', '2024-04-29 18:37:33', 133),
	(42, 'Lawn Service Manager', 'Consequatur voluptate sit culpa autem rerum eum modi. Harum omnis culpa illo fugiat tempore.', 'http://www.west.net/deleniti-voluptatem-quia-commodi.html', '47e228ff6345c459704a1d394c3a721b', NULL, '2024-04-29 18:37:33', '2024-04-29 18:37:33', 82),
	(43, 'Financial Specialist', 'Tempora ut eius odit cum voluptates iusto. Recusandae eos consequuntur eligendi voluptatibus velit.', 'http://wunsch.biz/', 'f0d2845ebee0138b88a719b4cb3401d4', NULL, '2024-04-29 18:37:33', '2024-04-29 18:37:33', 62),
	(44, 'Actor', 'Illum aliquid id est numquam corporis molestiae ut. Recusandae eum tenetur neque ab. Hic minus ut dolores et at in. Recusandae qui accusamus modi atque dicta. Tempora doloribus rerum libero.', 'https://harris.com/dolorem-quia-et-vel-et-ducimus.html', '19d9b08a71b696e97a67510d95a6378f', NULL, '2024-04-29 18:37:33', '2024-04-29 18:37:33', 74),
	(45, 'Cutting Machine Operator', 'Eveniet officiis et dolorem ratione dolor quia pariatur. Quia quasi provident aliquam ratione nisi voluptatum qui officiis. Ut omnis dolorum ad. Itaque magni voluptates assumenda voluptate autem ut mollitia.', 'http://www.rosenbaum.com/id-aut-in-veniam-nihil', '49eaf9be016bede2fbc666ff38beeace', NULL, '2024-04-29 18:37:33', '2024-04-29 18:37:33', 143),
	(46, 'Farm Labor Contractor', 'Ducimus ducimus ut sit et quo culpa quidem. Ut rerum reprehenderit voluptatem nam deleniti. Et earum minima dolorum.', 'http://www.walter.org/', 'e5099e9f494ff72e9a6039a02455b5fd', NULL, '2024-04-29 18:37:33', '2024-04-29 18:37:33', 76),
	(47, 'Museum Conservator', 'Totam dignissimos rerum provident ut aliquid. Eum ut tenetur est porro aut. Iusto voluptas magnam minus aliquam quaerat rem. Et voluptas quas aut autem amet.', 'https://www.corwin.com/voluptatem-et-provident-ut-voluptatum', '2e31bca20b6b6cca06430c5358d3f550', NULL, '2024-04-29 18:37:33', '2024-04-29 18:37:33', 148),
	(48, 'Tractor-Trailer Truck Driver', 'Ab voluptate eligendi deleniti eos consequatur. Pariatur beatae fugit voluptas odio. Qui eaque ullam omnis soluta et omnis molestias consequuntur. Harum et pariatur omnis sunt necessitatibus sequi.', 'https://hartmann.biz/quo-est-voluptatum-asperiores.html', '7d3473b49edb05abc36a9406ec846eb5', NULL, '2024-04-29 18:37:33', '2024-04-29 18:37:33', 81),
	(49, 'Respiratory Therapy Technician', 'Non aut et aut et repellat dolorem repellendus excepturi. Ut pariatur aut et consequatur omnis. Incidunt rerum molestiae quod sapiente.', 'http://morissette.com/similique-voluptate-ipsa-ullam-deleniti-non-fuga', '7969fa1e5978904e46a9790b6726e7f3', NULL, '2024-04-29 18:37:33', '2024-04-29 18:37:33', 14),
	(50, 'Private Detective and Investigator', 'Voluptates ut id repellendus velit voluptas vel quia. Itaque voluptatem quae perspiciatis. Hic sit fugit pariatur exercitationem accusantium veritatis error. Ipsa eligendi quam alias beatae.', 'http://weber.info/', 'ba9639ac3e1dec65a1394623359773c7', NULL, '2024-04-29 18:37:33', '2024-04-29 18:37:33', 73),
	(51, 'Construction Carpenter', 'Quis voluptate sint est nobis suscipit dolores ullam sequi. Ad libero asperiores dolorem. Laborum qui labore rerum optio.', 'http://www.mueller.net/odio-consectetur-voluptas-aut-veritatis-autem-iste-nesciunt-corrupti', '7f8e8d90f18e80ad883ba29195e7f310', NULL, '2024-04-29 18:37:33', '2024-04-29 18:37:33', 80),
	(52, 'Pediatricians', 'Magni magni quo mollitia quos nesciunt eos officia. Sint facilis odio voluptatibus neque doloremque. Natus quis et ratione. Accusantium quia sit veniam adipisci.', 'http://www.will.info/qui-et-qui-tenetur-est-ut.html', '7ddfec1e27076a30312484d553ca37c7', NULL, '2024-04-29 18:37:34', '2024-04-29 18:37:34', 94),
	(53, 'Wholesale Buyer', 'Est et et ea dolores amet. Aut quibusdam maiores ratione tenetur. Eum non numquam corporis recusandae qui adipisci cumque.', 'http://doyle.com/ut-incidunt-impedit-voluptas.html', 'e6b485974252baffb4e616c718ab5869', NULL, '2024-04-29 18:37:34', '2024-04-29 18:37:34', 82),
	(54, 'Personal Home Care Aide', 'Autem consequatur doloribus ut ea tempore. Quia possimus quia in cupiditate illo debitis minima voluptatem. Dolores laboriosam odit quis. Nesciunt sed et et assumenda qui recusandae cumque dolorem.', 'http://gleason.biz/laudantium-sit-qui-occaecati-eveniet', 'dd6e1cbc49de3a57b2ff7f86fc95d73f', NULL, '2024-04-29 18:37:34', '2024-04-29 18:37:34', 154),
	(55, 'Pantograph Engraver', 'Eos vero fugit error aliquid rerum culpa. Ut ipsa officia qui unde quis veniam. Perspiciatis dolores similique eius.', 'https://www.ferry.info/et-qui-aperiam-quia-sint', '98a44ce3c9f46d6e4180013329238513', NULL, '2024-04-29 18:37:34', '2024-04-29 18:37:34', 146),
	(56, 'Office Machine and Cash Register Servicer', 'Aut error aut reiciendis sed distinctio maiores. Sapiente dolor quis repellat molestias nihil ut velit. Eos facilis voluptas molestiae expedita soluta quia exercitationem.', 'http://gislason.com/quia-voluptas-quidem-et-dignissimos', '1454682c935e52f4c5c2cf0f9e10afe2', NULL, '2024-04-29 18:37:34', '2024-04-29 18:37:34', 72),
	(57, 'Extraction Worker', 'Asperiores et occaecati illum consequatur incidunt et. Nostrum optio quis repellendus dolores deleniti. Et molestias ipsam deserunt qui totam deleniti fugit. Fugiat nisi aut modi labore.', 'http://www.balistreri.com/atque-nihil-error-atque-qui.html', '3f5780605c72a6cd52157ec6d29e0cef', NULL, '2024-04-29 18:37:34', '2024-04-29 18:37:34', 41),
	(58, 'Welding Machine Operator', 'Est sunt libero qui aspernatur. Ut aut aut minus earum doloremque asperiores. Voluptatum qui et pariatur et. Ipsam natus quod facilis rerum consequatur.', 'https://www.bartell.com/molestias-officia-sed-assumenda-qui-nostrum', '48af3ba641db4771e2437aed731f639a', NULL, '2024-04-29 18:37:34', '2024-04-29 18:37:34', 42),
	(60, 'Paste-Up Worker', 'Iste sit tempore et quidem. Nostrum nam nesciunt explicabo inventore repudiandae delectus voluptate. Eius id et reprehenderit neque aut suscipit ipsum.', 'http://roob.com/', '4cfdb2f0895ec85dd3118b4b19a3d5b1', NULL, '2024-04-29 18:37:35', '2024-04-29 18:37:35', 151),
	(61, 'Organizational Development Manager', 'Qui veritatis doloribus iste recusandae asperiores quo totam. Facere inventore nisi et accusamus. Ullam autem fugit id sapiente a.', 'http://www.krajcik.net/deleniti-aut-laudantium-illo-asperiores-quod-nulla', '98a4ea7c06ebab32a9e1f25c044461d8', NULL, '2024-04-29 18:37:35', '2024-04-29 18:37:35', 160),
	(62, 'Farm and Home Management Advisor', 'Voluptas nam minus quo voluptatem veritatis et eius. Voluptatem in quam molestias commodi error sapiente sed. Molestiae neque ratione eum voluptatibus deleniti.', 'http://skiles.com/et-temporibus-in-consequatur-odit.html', 'ea545de12e75a26e4502104c010de62e', NULL, '2024-04-29 18:37:35', '2024-04-29 18:37:35', 60),
	(63, 'Letterpress Setters Operator', 'Sint optio qui alias voluptatem delectus enim reprehenderit iste. Dolores quibusdam enim earum aut eius voluptatem quidem. Voluptas debitis architecto officiis est et sit. Dicta consequatur quae quod laudantium voluptatem ratione asperiores.', 'https://www.kautzer.biz/sed-magnam-excepturi-velit-aut-voluptas', '0c826040d0137abe53add792e5e378c2', NULL, '2024-04-29 18:37:35', '2024-04-29 18:37:35', 147),
	(64, 'Computer Systems Analyst', 'Blanditiis ut qui similique explicabo. Quam ullam odit maiores beatae odio illo illum necessitatibus.', 'http://luettgen.net/quia-et-repudiandae-unde-sed-voluptatem-quo-voluptas', '24f2320d5ef9f9b95c3759f428f1d360', NULL, '2024-04-29 18:37:35', '2024-04-29 18:37:35', 175),
	(65, 'Bindery Worker', 'Eius doloremque voluptatem perspiciatis excepturi. Doloremque corporis repudiandae adipisci qui. Et qui fuga sint dolorum animi fuga cumque quam. Soluta vero molestiae et qui enim distinctio. Nihil mollitia necessitatibus tempora qui.', 'http://www.altenwerth.com/aspernatur-veritatis-repellat-mollitia-maiores-porro-pariatur.html', '67cf0e5b071fb5908abf1a45ed342cdb', NULL, '2024-04-29 18:37:35', '2024-04-29 18:37:35', 189),
	(66, 'Coating Machine Operator', 'Est est rerum ut et quia est eos. Aut cum ut nihil sint expedita. Et possimus eos praesentium quidem ab ex nostrum. Libero vel dolorem vel consequatur.', 'http://veum.com/quia-laudantium-quo-sint-ratione-minus-consequatur.html', '43c9c4247504cee044f22b6bbd36ee47', NULL, '2024-04-29 18:37:35', '2024-04-29 18:37:35', 13),
	(68, 'Creative Writer', 'Enim id tenetur quaerat nobis consectetur consequatur omnis. Ut ut et et eum est deserunt odio. Est assumenda exercitationem repellat tempora. Mollitia accusantium veniam quia animi.', 'http://www.okuneva.org/velit-nulla-rerum-aut-qui-quia.html', 'ca3284697f872a3633cfefa033773231', NULL, '2024-04-29 18:37:36', '2024-04-29 18:37:36', 101),
	(69, 'Singer', 'Illo dolores rerum tempora consequuntur. Dolor laudantium impedit consequatur quo rem enim. Delectus qui qui est doloremque eum quae est magnam.', 'http://predovic.biz/', 'd51dced5d9e7ef0ae2cc89bd74eda596', NULL, '2024-04-29 18:37:36', '2024-04-29 18:37:36', 62),
	(70, 'Parking Lot Attendant', 'Voluptates et reprehenderit in rerum velit est. Ut ea quod ipsam occaecati consequatur voluptatem iure molestiae. Repudiandae atque alias ratione sed quo eos. Id porro expedita explicabo voluptas provident unde.', 'http://www.leffler.biz/', '90f86364b0a42e4eb0a30e550024e087', NULL, '2024-04-29 18:37:36', '2024-04-29 18:37:36', 160),
	(71, 'Graduate Teaching Assistant', 'Quam repellat dolorem vel sequi et qui qui. Hic reiciendis sint a et hic voluptates odio soluta. Sint temporibus corrupti fugit dolore adipisci.', 'http://kulas.org/nostrum-totam-quis-similique-possimus-recusandae-dolorem.html', 'c78b18c80c5b588872804f1d33f9b4ec', NULL, '2024-04-29 18:37:36', '2024-04-29 18:37:36', 52),
	(72, 'Dispatcher', 'Sint dolore commodi ut quisquam. Voluptatem aut vero corrupti. Commodi alias quia nihil quam.', 'http://lang.com/cupiditate-asperiores-ut-quia-animi-similique-temporibus-dolore', '9db4d8a0c1c466787e1163c70a8281e7', NULL, '2024-04-29 18:37:36', '2024-04-29 18:37:36', 40),
	(73, 'Product Safety Engineer', 'Hic eveniet tenetur occaecati qui officia nostrum omnis asperiores. Voluptates aut tempora deserunt incidunt aliquam ut. Illum sint illo libero et. Quidem omnis aut molestias distinctio hic pariatur.', 'http://mitchell.com/ut-et-qui-sit-fuga-sequi-doloribus', 'ca1c5b7bf42276295778d3dc3e30926e', NULL, '2024-04-29 18:37:36', '2024-04-29 18:37:36', 115),
	(74, 'Heat Treating Equipment Operator', 'Quidem non dolor debitis tenetur libero corrupti. Tempora qui soluta non autem. Non perspiciatis asperiores est eos. Ea labore eaque laboriosam rem qui in ex.', 'http://www.luettgen.info/velit-labore-ex-aut-rem-optio-sed-est-et.html', '0f85293a95606512dcc891129afc4394', NULL, '2024-04-29 18:37:36', '2024-04-29 18:37:36', 130),
	(75, 'Travel Clerk', 'Et molestias ut et voluptas accusantium. Quos id optio est et non similique placeat. Fuga reprehenderit saepe non aut illo perspiciatis dolore.', 'http://www.moen.info/', '0f269433cdcaa453d58d93e3e3f7288e', NULL, '2024-04-29 18:37:36', '2024-04-29 18:37:36', 55),
	(76, 'Buyer', 'Quo ex rerum quam vitae alias. Dolorem a nisi minima est quibusdam dolor. Eius quis neque quam natus doloribus quis. Vel laboriosam facilis ut assumenda vero explicabo similique pariatur.', 'http://www.walsh.com/perspiciatis-et-consequatur-veritatis-in-est-distinctio-eaque.html', 'ca99d06a98f7b0e7ea0a3ae7481e486a', NULL, '2024-04-29 18:37:36', '2024-04-29 18:37:36', 111),
	(77, 'Teller', 'Hic quia et perspiciatis earum doloribus quis cumque. Et suscipit est neque ipsam ad cum rerum. Mollitia voluptatibus quisquam dolores ad soluta.', 'http://schaden.com/voluptatem-id-est-quisquam-in', 'dbca86d1c6940772e63b5162096bbe7a', NULL, '2024-04-29 18:37:36', '2024-04-29 18:37:36', 41),
	(78, 'Shear Machine Set-Up Operator', 'Autem cumque commodi aut est. Voluptatem voluptatum sed sequi esse neque voluptatem nobis a. Quae molestias molestias magnam quaerat aperiam quod consectetur.', 'https://www.ledner.net/consectetur-dolorem-minus-quia-error-cupiditate-consequatur-saepe', '5840461985320b16be60facd8e91529d', NULL, '2024-04-29 18:37:36', '2024-04-29 18:37:36', 107),
	(79, 'Word Processors and Typist', 'Et voluptas voluptas nam odit rerum quod laborum voluptatem. Distinctio rem qui dolores nostrum. Dolorem molestiae sed tempora voluptatum debitis. Enim rerum natus accusamus magnam officiis corporis.', 'http://www.ritchie.org/deserunt-numquam-ratione-delectus-et-accusamus-quo.html', '7996a2c58975e3bbb92d68363569454f', NULL, '2024-04-29 18:37:36', '2024-04-29 18:37:36', 49),
	(80, 'Gaming Supervisor', 'Eum quia voluptatem quis eligendi beatae animi necessitatibus. Quae quia itaque qui ab id dicta. Veritatis est aperiam cumque provident molestiae dolores impedit.', 'http://www.crooks.com/inventore-consequatur-officia-sint-vero-debitis-tempore-eveniet.html', 'afa547944a5a38d362de6868680b46f3', NULL, '2024-04-29 18:37:36', '2024-04-29 18:37:36', 41),
	(81, 'Human Resource Manager', 'Reiciendis velit quam assumenda corporis temporibus dolores consequuntur. Perspiciatis sequi laborum quia quas repellat voluptatibus cupiditate. Commodi aut dolorum eligendi debitis ut maxime explicabo.', 'http://will.com/itaque-eos-nisi-adipisci-in-culpa.html', 'b7795919c0fca4d65474edf3776f249b', NULL, '2024-04-29 18:37:36', '2024-04-29 18:37:36', 70),
	(82, 'Fiber Product Cutting Machine Operator', 'Eos consequatur eos libero omnis esse ea. Est illo et et non ipsam nihil dignissimos. Quo autem aperiam voluptas et id excepturi exercitationem ipsam.', 'http://reynolds.com/debitis-nisi-quos-facere-architecto-quia-nobis', '1957e4f32e085245b2b0ba9302005902', NULL, '2024-04-29 18:37:36', '2024-04-29 18:37:36', 100),
	(85, 'Copy Writer', 'Eligendi quasi eius aut accusamus. Facilis quasi dolores consectetur et debitis et dicta. Est animi id non. Voluptatum omnis quo illum corrupti.', 'https://bartell.com/pariatur-sit-molestiae-omnis-corrupti-in-sit.html', 'ac64c64dfdb845ee54a3e7bf97927cd8', NULL, '2024-04-29 18:37:38', '2024-04-29 18:37:38', 60),
	(86, 'Food Scientists and Technologist', 'Eligendi neque ipsum est voluptatum quos consectetur ut. Eum deserunt aut voluptas iusto expedita esse. Quam ut recusandae molestiae dolores commodi dolor est sint. In est ut provident earum repudiandae.', 'http://www.mitchell.com/molestias-sed-tempora-animi-non-odit-autem-ad', 'ed23e9e14e061cd084a18e62b999a231', NULL, '2024-04-29 18:37:38', '2024-04-29 18:37:38', 176),
	(87, 'Editor', 'Incidunt repellat modi recusandae neque culpa. Omnis voluptatem id minus repellat recusandae.', 'http://www.jerde.com/cumque-consectetur-cupiditate-amet-quaerat-modi-iste', 'fca88d624e8e95d574f7e892d40e7330', NULL, '2024-04-29 18:37:38', '2024-04-29 18:37:38', 66),
	(89, 'Poultry Cutter', 'Doloremque pariatur deserunt et earum vitae non. Earum aspernatur quae dolores voluptatem deserunt. Fugit a autem est. Ab et est aut quibusdam soluta dolor id.', 'http://www.langworth.com/suscipit-culpa-ut-modi-debitis-libero', '73fc067b05eedc254f1dc70b751fe2a9', NULL, '2024-04-29 18:37:39', '2024-04-29 18:37:39', 159),
	(91, 'Licensing Examiner and Inspector', 'Iure eius maxime iure quo praesentium adipisci mollitia. Autem aperiam sit tenetur et et voluptatem. Voluptatem repellat rem suscipit molestiae et.', 'https://gislason.com/officia-eveniet-voluptates-eos.html', '3f81d315f08e173b0144bf92887456f6', NULL, '2024-04-29 18:37:40', '2024-04-29 18:37:40', 48),
	(92, 'Bartender', 'Similique vero hic voluptas aut tempore adipisci. Doloremque id harum nam voluptatem voluptatem. Ullam temporibus eos rerum numquam numquam.', 'http://www.bernier.biz/sed-qui-occaecati-inventore-voluptatibus-quo-sunt', '415ee6e56f4548dc9f889e017db020e6', NULL, '2024-04-29 18:37:40', '2024-04-29 18:37:40', 125),
	(93, 'HR Specialist', 'Vel magni maiores voluptatem aut perspiciatis veniam et nisi. Pariatur facilis repellat non minima. Exercitationem id officiis excepturi vitae.', 'http://www.boyer.com/ea-doloribus-repudiandae-aut-exercitationem-aliquam', '5dc383c83d2af8d7f45ae924e1b0d70b', NULL, '2024-04-29 18:37:40', '2024-04-29 18:37:40', 161),
	(94, 'Crushing Grinding Machine Operator', 'Debitis dignissimos qui laboriosam possimus qui quis sed. Non nostrum quibusdam accusamus. Cum aliquam placeat rerum quasi. Sed porro et soluta hic voluptas ratione odio.', 'http://klocko.net/', 'ff5c7b40c29531a7eb7c7bb8a0585cdd', NULL, '2024-04-29 18:37:40', '2024-04-29 18:37:40', 157),
	(95, 'Bulldozer Operator', 'Odio eos nulla quia. Qui labore repudiandae est est. Et consequatur ducimus quos nostrum facere voluptate praesentium.', 'http://www.hodkiewicz.com/nam-officiis-et-est-nulla', '3485d3f653a0bd379e83fb92543b5860', NULL, '2024-04-29 18:37:40', '2024-04-29 18:37:40', 142),
	(96, 'Automotive Technician', 'Rerum quae et facilis nihil minus soluta magni dignissimos. Perspiciatis eum voluptas et aperiam dolor. Harum cupiditate consequatur voluptatibus velit ut tempore.', 'http://pagac.info/molestiae-incidunt-dolore-labore-hic-nesciunt', 'f9163b2aa1c533a865ded62614b55439', NULL, '2024-04-29 18:37:40', '2024-04-29 18:37:40', 74),
	(97, 'Heating Equipment Operator', 'Sed ducimus eaque quia ratione a vero repudiandae. Adipisci deleniti harum nam repellendus ratione sunt. Accusamus magnam quos accusamus voluptate eaque iste dolor.', 'https://www.kozey.org/unde-quasi-non-aut-voluptas-ut-unde-autem-consequuntur', '6e969e577c4ebc23ad6c341471938ca5', NULL, '2024-04-29 18:37:40', '2024-04-29 18:37:40', 103),
	(98, 'Automotive Technician', 'Quia amet sit laudantium sit quisquam commodi. Maxime reiciendis atque maxime occaecati. Neque ut qui debitis voluptas nesciunt odio qui. Numquam voluptas aperiam numquam est voluptate autem nihil et. Sint sunt ipsum corporis est.', 'http://homenick.info/accusamus-minima-reprehenderit-magni-et-eum-dolor', '64409012ed94a1b787219baee4227daa', NULL, '2024-04-29 18:37:40', '2024-04-29 18:37:40', 83),
	(99, 'Hotel Desk Clerk', 'Animi qui consequatur perspiciatis nemo excepturi perspiciatis. Repudiandae velit porro dicta saepe placeat sapiente. Ut corrupti vitae atque at. Quia ut labore architecto aut vitae natus consectetur.', 'http://smitham.com/nisi-voluptas-ducimus-deleniti-cupiditate-aut-laboriosam-ab', '73a607a4b529b9bf527c25e639dcbe99', NULL, '2024-04-29 18:37:40', '2024-04-29 18:37:40', 109),
	(100, 'Statistician', 'Nostrum est magnam esse provident ut repellat sit recusandae. Vitae dignissimos quia optio. Et illo provident labore. Animi provident fugiat minus optio.', 'http://www.murazik.com/', '6e13c2bdc342f063c337ed29ebe20bca', NULL, '2024-04-29 18:37:40', '2024-04-29 18:37:40', 179),
	(101, 'Lawn Service Manager', 'Vel dolorum mollitia est assumenda. Ex voluptatem rerum ut assumenda cupiditate. Ea harum nisi omnis excepturi saepe.', 'http://www.krajcik.com/', '3014f8e71e09de30e1d962e971ea7dba', NULL, '2024-04-29 18:37:40', '2024-04-29 18:37:40', 193),
	(103, 'Fast Food Cook', 'Id corrupti ratione consectetur earum. Quia illo voluptates voluptatem. Dolore eos voluptas autem reprehenderit. Voluptatibus velit omnis nostrum earum eaque et.', 'http://muller.com/iste-soluta-numquam-et-consequatur-illum-omnis-laudantium', 'b7379deb0a29611ab2d6ad6b495f4c5a', NULL, '2024-04-29 18:37:41', '2024-04-29 18:37:41', 93),
	(104, 'Artillery Officer', 'Maxime velit quo numquam omnis. Atque et occaecati cum minima. Error eos similique omnis et ratione iste sunt. Qui quo facilis dignissimos eaque.', 'http://www.quitzon.com/blanditiis-consequatur-ut-ut-ducimus-in-consequatur-perferendis', 'c15e1f3f2f753501e05be926edfb524c', NULL, '2024-04-29 18:37:41', '2024-04-29 18:37:41', 57),
	(105, 'Veterinary Assistant OR Laboratory Animal Caretaker', 'Eum sit voluptatum modi commodi porro. Eaque quasi non harum aut placeat quas velit tempora. Quis et nesciunt itaque ullam eos tempora. Nemo eveniet in non ut sequi ratione occaecati. Omnis quisquam aut error quisquam aliquam voluptate.', 'http://prohaska.com/voluptatibus-quasi-molestiae-et-rerum-suscipit-eaque-enim', 'aee1a8b1f49ef1400e054df9d12c7c44', NULL, '2024-04-29 18:37:41', '2024-04-29 18:37:41', 64),
	(106, 'Railroad Inspector', 'Ipsum reprehenderit nisi ullam dolores quia nisi consequatur. Magni pariatur a et qui similique minus. Et magni natus id omnis aliquid sed.', 'http://reynolds.com/', 'c3a8bd08b683ca329db35799b75b69db', NULL, '2024-04-29 18:37:41', '2024-04-29 18:37:41', 54),
	(107, 'Forestry Conservation Science Teacher', 'Esse molestias qui ipsum quidem quam itaque. Iusto voluptatem deleniti nulla. Voluptatem amet aperiam soluta aut voluptates.', 'https://champlin.com/eos-eos-sit-laboriosam-optio.html', 'a42bda59b4df54f515e186c671168645', NULL, '2024-04-29 18:37:41', '2024-04-29 18:37:41', 64),
	(108, 'Human Resources Assistant', 'Fugit consequatur temporibus doloribus. Vero omnis commodi corrupti qui. Quae accusamus nihil veritatis et.', 'https://reynolds.info/doloribus-magnam-dicta-aut-voluptas.html', 'f5837009b8462834f556edd5c3b68896', NULL, '2024-04-29 18:37:41', '2024-04-29 18:37:41', 39),
	(109, 'Art Teacher', 'Iusto unde natus placeat non dolore dolor perspiciatis blanditiis. Voluptatem ea dolor qui velit eos. Occaecati magnam incidunt id.', 'http://kerluke.org/dolor-quis-accusantium-enim-voluptatem-sed-laudantium', '6830bdb97938641e906fc5052f3668c4', NULL, '2024-04-29 18:37:41', '2024-04-29 18:37:41', 13),
	(110, 'Aircraft Structure Assemblers', 'Est et voluptate libero tempore. Consequuntur repellendus ducimus architecto minima quia mollitia. Voluptas recusandae ratione aut maiores.', 'http://hudson.com/molestiae-et-vero-sint-et-nemo-culpa-placeat', '65e88785829d6e0bcbaf6d356fb4f9ed', NULL, '2024-04-29 18:37:41', '2024-04-29 18:37:41', 113),
	(111, 'Soil Scientist OR Plant Scientist', 'Omnis atque et rerum quam doloremque maiores deserunt. Accusantium nam omnis velit totam ullam. Odio fugiat quibusdam doloremque ad dicta.', 'https://johnson.net/aut-qui-aut-dicta-occaecati-impedit-optio-tenetur.html', '000a660f27e498e9c9b899f8da9a3710', NULL, '2024-04-29 18:37:41', '2024-04-29 18:37:41', 58),
	(113, 'Electric Meter Installer', 'A eum consequatur quasi corporis illum. At consectetur dolorem dolorem pariatur blanditiis provident odio. Non ut odit explicabo corrupti esse quos. Deserunt odit laborum aut porro.', 'http://www.rohan.com/ut-est-et-ullam-possimus-et-et-voluptatibus', 'dfbdb2693debf4fce77c612324444337', NULL, '2024-04-29 18:37:42', '2024-04-29 18:37:42', 110),
	(114, 'Mathematician', 'Ut quas magnam ut veniam cum eos. Possimus voluptas cupiditate officiis. Id nemo dolor similique ut ullam.', 'http://www.mante.info/corrupti-necessitatibus-qui-quas-itaque.html', '2593cc3aa1ebbc05041cc404822f9be9', NULL, '2024-04-29 18:37:42', '2024-04-29 18:37:42', 38),
	(115, 'Writer OR Author', 'Voluptatibus laudantium deserunt quia molestiae est voluptatem ut. Officia et molestiae ut consequatur excepturi harum mollitia illum. Ea sed vel ea sed neque dolor sed. Magni libero temporibus repellat amet sit veniam asperiores dolor.', 'http://gutkowski.biz/sunt-laborum-est-suscipit-non-consequatur-maiores.html', '2abd52ea2d90da942bbbfdf0f09fb32c', NULL, '2024-04-29 18:37:42', '2024-04-29 18:37:42', 128),
	(116, 'Fire-Prevention Engineer', 'Quaerat saepe similique ut quas vel expedita. Voluptatem voluptatum repellendus voluptate rerum dolores eos. Nesciunt ut voluptatem officiis ipsum. Ipsum possimus doloribus rerum sunt deserunt aut impedit alias.', 'http://wisozk.com/et-minus-ullam-reprehenderit-sint-est', '396900a0d384c48c83b556695b0d89c5', NULL, '2024-04-29 18:37:42', '2024-04-29 18:37:42', 120),
	(117, 'Industrial Machinery Mechanic', 'Aut non consectetur sapiente itaque. Neque atque debitis non ipsam. Asperiores ipsa omnis quod quis vel praesentium.', 'https://fisher.com/error-fugit-numquam-voluptatem.html', 'd803c5147de1cee94ae92fc7b718bb15', NULL, '2024-04-29 18:37:42', '2024-04-29 18:37:42', 178),
	(118, 'Building Inspector', 'Qui voluptatem atque est dicta placeat quidem adipisci. Sit et laboriosam et rem dolores possimus harum. Quis dolores qui ratione ut unde. Incidunt modi voluptatem aliquam ad sunt.', 'http://www.watsica.com/amet-nulla-sed-temporibus', '08a88abef03df4b81876e07a3754716b', NULL, '2024-04-29 18:37:42', '2024-04-29 18:37:42', 123),
	(123, 'Home Economics Teacher', 'Atque nemo laboriosam et repellendus. Fugiat distinctio corporis nihil molestias ea. Reprehenderit eveniet autem qui quos minus vel. Voluptatem ea dolorem officiis saepe quidem voluptas.', 'https://nienow.info/in-commodi-laborum-amet.html', 'b9af29106b725e0a9d987fc6c89a158b', NULL, '2024-04-29 18:37:48', '2024-04-29 18:37:48', 110),
	(124, 'Microbiologist', 'Nulla quibusdam libero quis culpa eius dolores asperiores eius. Enim sunt amet excepturi. Omnis deleniti dolor quidem.', 'http://bosco.com/tenetur-autem-amet-iste-modi-et-suscipit', '64eb9df463a6e9967aeedc50a3a71118', NULL, '2024-04-29 18:37:48', '2024-04-29 18:37:48', 132),
	(125, 'Physician Assistant', 'Voluptatibus qui natus voluptas consequatur. Nam dolorem voluptatum libero. Atque at omnis commodi voluptatem.', 'http://lowe.biz/et-autem-cumque-illum-sint-voluptatem', '5958a948b69b8d1e825e388bf14a6c08', NULL, '2024-04-29 18:37:48', '2024-04-29 18:37:48', 152),
	(126, 'Pharmaceutical Sales Representative', 'Consequatur nisi voluptatem itaque facere molestiae. Accusamus voluptatem recusandae cum reprehenderit. Enim repudiandae dolore asperiores suscipit eligendi. Voluptatem delectus corrupti at et sunt ea aut officia.', 'http://www.feeney.com/', '0540fa78604825fe4f08e53727daba05', NULL, '2024-04-29 18:37:48', '2024-04-29 18:37:48', 189),
	(127, 'Environmental Engineering Technician', 'Dicta aut et sapiente magni repellat. Corrupti et quisquam dolore qui mollitia. Soluta omnis aperiam voluptatem.', 'https://www.daugherty.org/ducimus-perferendis-quas-molestiae-maiores-qui', '7a22bb616eabd5009832cf8633f5b795', NULL, '2024-04-29 18:37:48', '2024-04-29 18:37:48', 109),
	(129, 'Foreign Language Teacher', 'Explicabo odit commodi dolor. Nesciunt ducimus explicabo est. Aut beatae corrupti delectus iusto cupiditate et quo eos.', 'http://boehm.org/aut-voluptas-qui-id-sit', 'f4baa07de8b84a561f4f91c44a64940d', NULL, '2024-04-29 18:37:49', '2024-04-29 18:37:49', 73),
	(130, 'Medical Equipment Repairer', 'Optio eum sint porro iure unde atque qui. Vero eum illo debitis. Qui enim neque deserunt quo et sunt vitae tempore.', 'http://www.ebert.com/', 'eae9f48a8f64474d4928413c9b17065f', NULL, '2024-04-29 18:37:49', '2024-04-29 18:37:49', 133),
	(131, 'Respiratory Therapy Technician', 'Cupiditate impedit cum non explicabo error beatae corporis officia. Sunt consequatur consequatur tenetur natus labore consequuntur. Architecto dignissimos et in earum quisquam repellat consequatur. Laboriosam quia tempore delectus et quaerat.', 'https://www.botsford.com/voluptas-ut-explicabo-ullam-sint', 'b196ded9ad6b34726b5688d040a9d94b', NULL, '2024-04-29 18:37:49', '2024-04-29 18:37:49', 193),
	(132, 'Philosophy and Religion Teacher', 'Vel magni a doloremque occaecati sunt. Tempore esse qui sit cum expedita.', 'http://lindgren.org/quibusdam-alias-qui-in-tempora', 'ae277c564fdcb3db0e100570e3b8ce6a', NULL, '2024-04-29 18:37:49', '2024-04-29 18:37:49', 169),
	(133, 'General Practitioner', 'Voluptate praesentium expedita cumque ipsa expedita quasi et. Ipsa est aut deleniti voluptatem magnam.', 'http://lubowitz.com/et-occaecati-atque-dicta-quae-minima-nostrum-nam.html', 'a90edeff3867d00e119aee6040aba2be', NULL, '2024-04-29 18:37:49', '2024-04-29 18:37:49', 15),
	(134, 'Train Crew', 'Laborum ea quam omnis. Aut id est corporis qui asperiores eos. Unde debitis quas sint.', 'https://www.herman.com/qui-qui-odio-sint-asperiores', 'ee336ea456cc4fa7bf442d6284e42eae', NULL, '2024-04-29 18:37:49', '2024-04-29 18:37:49', 184),
	(136, 'Structural Metal Fabricator', 'Architecto minus voluptatem qui perferendis qui deserunt necessitatibus laboriosam. Et magni sunt tenetur eos explicabo perferendis. Sed harum fuga ut fuga sed rem et aut. Nisi minima delectus qui libero neque enim.', 'http://koss.net/', '28de4ad0d353e3dcfb8ea5dd46777771', NULL, '2024-04-29 18:37:50', '2024-04-29 18:37:50', 84),
	(137, 'Electrical Sales Representative', 'Quaerat veritatis quis deleniti cum laborum. Distinctio accusamus consequatur laboriosam nostrum quam corrupti. Libero quia quaerat error.', 'http://www.buckridge.com/', '3e0fd9b7d3dfc071d9c1b8adaea5cdfe', NULL, '2024-04-29 18:37:50', '2024-04-29 18:37:50', 127),
	(138, 'Food Preparation Worker', 'Excepturi voluptatem est voluptatum velit quia ipsam. Earum in et beatae quo. Voluptate similique illum cumque sed illo rerum quia. Molestiae qui voluptas delectus id molestiae nulla.', 'http://okeefe.com/dolores-non-a-temporibus-mollitia-nihil-impedit-ut', 'd10f5dbb178bf376d5134c2ea8029ae5', NULL, '2024-04-29 18:37:50', '2024-04-29 18:37:50', 197),
	(140, 'Astronomer', 'Sequi nobis asperiores dignissimos nemo. Possimus autem quia amet vel et voluptatibus. A quis voluptas occaecati quia.', 'https://www.hill.biz/ut-voluptate-necessitatibus-nam-a', '487d49f4b2d725df68fae8f4d12b6efb', NULL, '2024-04-29 18:37:52', '2024-04-29 18:37:52', 168),
	(141, 'Foundry Mold and Coremaker', 'Tenetur ipsam a omnis nobis. Et et sit laudantium dolorem assumenda nihil impedit. Eos sint sit labore ea dolor ullam.', 'http://pollich.biz/', 'bebab82e2b27f040597ec6fa90102ad6', NULL, '2024-04-29 18:37:52', '2024-04-29 18:37:52', 162),
	(142, 'Rotary Drill Operator', 'Sequi cumque assumenda eos. Temporibus quia distinctio placeat dicta eum atque. Corrupti aut sit reiciendis dolores. Alias qui ipsam voluptatem id aliquam ut.', 'http://www.hagenes.com/adipisci-similique-doloribus-qui-fugiat-reiciendis.html', 'a53bbdadd064baf00254aa5c972bdf3b', NULL, '2024-04-29 18:37:52', '2024-04-29 18:37:52', 77),
	(143, 'Sailor', 'Vero nihil quia dolore veniam consequatur et. Autem sed similique aut quia. Rerum aliquam laborum numquam. Dolore est qui quia corrupti accusantium voluptate.', 'http://hoppe.com/laborum-non-hic-magnam-velit.html', '76ae9a58754bcec0971228f96a4bfa17', NULL, '2024-04-29 18:37:52', '2024-04-29 18:37:52', 45),
	(144, 'Horticultural Worker', 'Corporis officiis vero et distinctio quia vero. Provident sit eum nulla. Soluta eos porro perspiciatis dignissimos molestias qui nobis. Ab praesentium culpa qui vitae quod qui dicta.', 'http://berge.com/laudantium-officia-ullam-ipsum-vero-omnis-enim-id', '04a77c3f699c38500a329d86ee0fd948', NULL, '2024-04-29 18:37:52', '2024-04-29 18:37:52', 45),
	(145, 'Diagnostic Medical Sonographer', 'Ullam et ad ut sit unde eum optio. Et consequatur explicabo labore consequatur accusamus suscipit. Qui ut veritatis totam et suscipit. Aut asperiores libero enim deserunt mollitia.', 'http://ritchie.com/nam-qui-ab-vel-unde-porro-doloribus-voluptatem.html', 'cd44151f351b9d75f78bdfc613bc9191', NULL, '2024-04-29 18:37:52', '2024-04-29 18:37:52', 183),
	(147, 'Lawyer', 'Omnis atque commodi et. Enim modi quis dolore aut non tenetur recusandae. Rem maxime reprehenderit ut natus nemo ut mollitia. Sit ut non qui aut.', 'http://koepp.biz/', '507f0e897dd30752c5fbf6bdd7af051d', NULL, '2024-04-29 18:37:53', '2024-04-29 18:37:53', 52),
	(148, 'Music Arranger and Orchestrator', 'Ut dolore voluptas tempora quo molestiae occaecati. Incidunt quam dolor adipisci ut mollitia ducimus molestiae vel. Vitae aut fuga qui et in aut quos.', 'http://harvey.com/dolorem-sed-eos-omnis-minus-culpa-eius', '61f3b2397f8dc448b6c9d4309d79f539', NULL, '2024-04-29 18:37:53', '2024-04-29 18:37:53', 125),
	(149, 'Purchasing Manager', 'Autem quos voluptatibus omnis. Unde et illo voluptates reprehenderit delectus. Enim sapiente est asperiores error aut. Et eaque incidunt eum doloribus.', 'https://www.konopelski.com/voluptas-ea-illum-provident-modi-molestiae-quasi-dolor', '58638e643a0945dd8dc9b25659d0af4f', NULL, '2024-04-29 18:37:53', '2024-04-29 18:37:53', 140),
	(150, 'Producers and Director', 'Quis sint est saepe nihil. Qui suscipit dolorem qui asperiores fuga nihil. Rerum excepturi quam voluptatibus quidem.', 'http://braun.com/adipisci-quam-facilis-explicabo-in-error-laudantium-doloremque.html', 'd82d2afb0a0ece8b0a970b74ccddc050', NULL, '2024-04-29 18:37:53', '2024-04-29 18:37:53', 151),
	(151, 'Air Traffic Controller', 'Exercitationem nulla omnis accusamus aliquam rem qui inventore. Voluptatem ea sit saepe omnis et voluptas et nesciunt. Ipsam quam pariatur est qui adipisci. Aliquam ipsam nulla quia.', 'http://www.stoltenberg.com/architecto-inventore-et-neque-molestiae', '225e54476cd00010d7cf16c3886bc686', NULL, '2024-04-29 18:37:53', '2024-04-29 18:37:53', 196),
	(152, 'Supervisor Fire Fighting Worker', 'Ut neque et et eligendi. Ipsam ea quis quis dolorum non ex qui et. Vel delectus incidunt nihil neque. Facilis nemo voluptates et.', 'http://www.koepp.com/', '26ab8ffca6d9064e21151abee2759786', NULL, '2024-04-29 18:37:53', '2024-04-29 18:37:53', 142),
	(154, 'Stock Broker', 'Quaerat nobis deleniti voluptatum ipsum esse maiores ut et. Et enim voluptatibus labore. Aut rerum libero quae sint eligendi quod aspernatur. Laborum unde aut repellat asperiores adipisci.', 'http://www.altenwerth.com/qui-iusto-consequatur-voluptatem-est', '52cc37d27a3399cfdf225428533cc839', NULL, '2024-04-29 18:37:55', '2024-04-29 18:37:55', 100),
	(155, 'Precision Devices Inspector', 'At dicta quo quia doloremque et sit reprehenderit optio. Quis corrupti voluptatem iure quod quibusdam illum similique sed. Ut et adipisci commodi optio.', 'http://www.hartmann.com/at-nesciunt-officiis-officiis-quis.html', '30d3661c90b67923d8c5910f0dbb2a1d', NULL, '2024-04-29 18:37:55', '2024-04-29 18:37:55', 37),
	(156, 'Machine Feeder', 'Perspiciatis voluptatibus nemo explicabo et. Aperiam id laudantium in rerum adipisci soluta. Sit sequi dolores doloribus dicta error quaerat.', 'http://kovacek.com/doloremque-hic-harum-aut-molestiae', '771510959b35e4f1135598ab2f9183a4', NULL, '2024-04-29 18:37:55', '2024-04-29 18:37:55', 67),
	(157, 'Sociologist', 'Maiores magni sit ad iusto eligendi illum natus. Est sit est voluptas voluptas. Assumenda excepturi nihil sed molestiae deserunt eum fuga.', 'http://christiansen.com/totam-corrupti-soluta-repudiandae-minima-sapiente-perspiciatis-natus-et.html', '97df278ce6fc5988897c31eb192da6da', NULL, '2024-04-29 18:37:55', '2024-04-29 18:37:55', 107),
	(158, 'Coroner', 'Aliquam minus a maxime natus aspernatur earum. Quo cum cupiditate recusandae et dolorem nesciunt. Expedita repellendus enim tempora accusantium eius.', 'http://littel.com/minus-qui-nam-commodi-facere-in-asperiores-eum-et', 'bf695762a8bcda6a1102e1f035777ff9', NULL, '2024-04-29 18:37:55', '2024-04-29 18:37:55', 107),
	(159, 'Highway Patrol Pilot', 'Dolorum necessitatibus deleniti vitae non dolores qui ex est. In quisquam aut ut accusantium nisi consequatur voluptas. Dolor sed aut harum enim aut. Quisquam esse molestias reiciendis recusandae.', 'http://bauch.com/ut-laborum-quia-distinctio', '279d090eba7ddc96c1be7ad85789d2d3', NULL, '2024-04-29 18:37:55', '2024-04-29 18:37:55', 170),
	(160, 'Writer OR Author', 'Ipsam harum sint repudiandae cumque. Harum atque sint eveniet corporis. Molestias unde expedita earum consequatur sed ratione velit qui. Qui vero et accusamus illo expedita.', 'http://www.mosciski.com/', '9a98ad4ea23e1febefaa6a30c37b5075', NULL, '2024-04-29 18:37:55', '2024-04-29 18:37:55', 114),
	(161, 'Surveying Technician', 'Vitae itaque quaerat ut ex quo repudiandae. Aliquid exercitationem occaecati aperiam a consequatur.', 'http://wehner.biz/similique-voluptatem-ut-voluptas-dolores', '958ebe66f8482c3e3f620b46a1e7b9be', NULL, '2024-04-29 18:37:55', '2024-04-29 18:37:55', 145),
	(162, 'Woodworking Machine Setter', 'Corrupti aliquam consequatur et ut voluptatem illo. Quis commodi veniam sed quia iusto explicabo. Dolore aliquam soluta quidem et perferendis et. Eos in et qui eum molestiae voluptatem.', 'http://www.stoltenberg.com/iure-et-eligendi-nesciunt-autem-alias', '51ed3339f4930739d4298f765a156db3', NULL, '2024-04-29 18:37:55', '2024-04-29 18:37:55', 72),
	(163, 'Chemical Equipment Operator', 'Aliquid est impedit aliquam dignissimos nemo sit enim. Qui voluptatem ut illo sunt perferendis iusto nihil. Exercitationem omnis in nemo expedita quo sunt. Deleniti vel eum ut unde dolores quibusdam. Error dicta est sit ipsam velit.', 'http://kilback.com/ipsa-id-maxime-voluptate', 'c11bf58a50ebeab93b8913d2c5daf2f8', NULL, '2024-04-29 18:37:55', '2024-04-29 18:37:55', 134),
	(164, 'Human Resource Director', 'Libero quia nobis ut ex quia et sit qui. Amet delectus quas illo et laboriosam molestiae in.', 'https://www.flatley.com/modi-hic-natus-dolore-et-quos', '693356b70680044ac43f7655399ef0a4', NULL, '2024-04-29 18:37:55', '2024-04-29 18:37:55', 192),
	(165, 'Cook', 'Vel aut ad ad voluptas ut enim ducimus. Illo nesciunt sequi alias. Ullam aut adipisci reprehenderit fugiat quaerat omnis soluta. Rerum ullam maiores ipsa suscipit distinctio animi quas.', 'http://www.conroy.org/id-recusandae-doloribus-similique-quia-qui-molestias-eos.html', 'bd6c60a48935e146d38f4eecd4a1ef7c', NULL, '2024-04-29 18:37:55', '2024-04-29 18:37:55', 141),
	(166, 'Chemical Equipment Controller', 'Fuga vitae recusandae cupiditate. Ex ea est ipsa nihil blanditiis. Omnis quia sunt occaecati recusandae.', 'http://www.hane.net/', '9d6a5ffc8053ab65ac4fa90633568043', NULL, '2024-04-29 18:37:55', '2024-04-29 18:37:55', 123),
	(167, 'Railroad Yard Worker', 'Omnis maiores architecto velit dolores et excepturi molestiae. Omnis fugit ipsa dolorum hic necessitatibus magni et possimus. Et illum quam ratione ea eum ea.', 'http://www.nolan.com/', '74e80f8a6a29068646898cd6da0de736', NULL, '2024-04-29 18:37:55', '2024-04-29 18:37:55', 47),
	(168, 'Forestry Conservation Science Teacher', 'Nostrum aut eos quo modi officiis est. Sequi nisi qui voluptatem id vitae perferendis. Neque enim amet labore similique tenetur consequatur. Exercitationem doloremque cumque sit magnam aut.', 'http://www.weber.biz/', '7e4ca131a49f2eff67dea60026acc208', NULL, '2024-04-29 18:37:55', '2024-04-29 18:37:55', 120),
	(169, 'Computer Scientist', 'Aut dolore quidem debitis esse. Corrupti nam nam sed inventore rem. Natus aliquam vel voluptas magni mollitia.', 'http://www.metz.com/cum-autem-cupiditate-explicabo-ea-ut-iste-optio', 'bb4d9411b815f056fa8b23460cd3901e', NULL, '2024-04-29 18:37:55', '2024-04-29 18:37:55', 131),
	(170, 'Locomotive Firer', 'In tempore ut perferendis dolores voluptatem esse deserunt. Ea reprehenderit qui ipsa et.', 'https://schamberger.biz/corporis-omnis-sint-voluptatibus.html', '4025a1be77952612b61576e8dfc4d116', NULL, '2024-04-29 18:37:55', '2024-04-29 18:37:55', 83),
	(171, 'Timing Device Assemblers', 'Maiores aut qui totam quasi consequuntur. Nihil et nemo aut dolorem quod rem alias. Ut est pariatur veniam ipsa.', 'http://www.bergstrom.com/error-sed-atque-veritatis-quidem-magnam-impedit-est.html', '344b9b014916c795b8aa7586cf59089d', NULL, '2024-04-29 18:37:55', '2024-04-29 18:37:55', 196),
	(172, 'Anesthesiologist', 'Praesentium qui voluptas qui mollitia dolorem unde sed. Deserunt odio enim fugiat velit fugit ut sit natus. Temporibus placeat qui et libero. Animi alias dolor qui exercitationem consequatur.', 'http://www.heaney.org/ut-quidem-neque-temporibus-laudantium', '47536fa1b95076c367b22a08e11e85ac', NULL, '2024-04-29 18:37:55', '2024-04-29 18:37:55', 64),
	(173, 'Railroad Conductors', 'Temporibus doloremque recusandae porro ab. Iure cum deserunt placeat deleniti quo expedita voluptatem debitis.', 'http://www.bogan.com/', 'd37114f01efd75dd33c69dc6f9c468eb', NULL, '2024-04-29 18:37:55', '2024-04-29 18:37:55', 180);

-- Listage de la structure de table carmaintain. migrations
CREATE TABLE IF NOT EXISTS `migrations` (
  `id` int unsigned NOT NULL AUTO_INCREMENT,
  `migration` varchar(255) COLLATE utf8mb4_unicode_ci NOT NULL,
  `batch` int NOT NULL,
  PRIMARY KEY (`id`)
) ENGINE=InnoDB AUTO_INCREMENT=3 DEFAULT CHARSET=utf8mb4 COLLATE=utf8mb4_unicode_ci;

-- Listage des données de la table carmaintain.migrations : ~0 rows (environ)
INSERT INTO `migrations` (`id`, `migration`, `batch`) VALUES
	(1, '2024_04_28_154730_create_password_resets_table', 1),
	(2, '2024_04_29_113911_create_client_inbox_table', 2);

-- Listage de la structure de table carmaintain. password_resets
CREATE TABLE IF NOT EXISTS `password_resets` (
  `email` varchar(255) COLLATE utf8mb4_unicode_ci NOT NULL,
  `token` varchar(255) COLLATE utf8mb4_unicode_ci NOT NULL,
  `created_at` timestamp NULL DEFAULT NULL,
  KEY `password_resets_email_index` (`email`)
) ENGINE=InnoDB DEFAULT CHARSET=utf8mb4 COLLATE=utf8mb4_unicode_ci;

-- Listage des données de la table carmaintain.password_resets : ~0 rows (environ)

-- Listage de la structure de table carmaintain. password_reset_tokens
CREATE TABLE IF NOT EXISTS `password_reset_tokens` (
  `email` varchar(255) COLLATE utf8mb4_unicode_ci NOT NULL,
  `token` varchar(255) COLLATE utf8mb4_unicode_ci NOT NULL,
  `created_at` timestamp NULL DEFAULT NULL,
  KEY `password_reset_tokens_email_index` (`email`)
) ENGINE=InnoDB DEFAULT CHARSET=utf8mb4 COLLATE=utf8mb4_unicode_ci;

-- Listage des données de la table carmaintain.password_reset_tokens : ~2 rows (environ)
INSERT INTO `password_reset_tokens` (`email`, `token`, `created_at`) VALUES
	('garrach76@gmail.com', '$2y$12$7Wpc547/mNZYJEFlSfFT6.8OI4Rq5hwkZ.kZMv964UddlDSljSS1i', '2024-04-28 14:12:01');

-- Listage de la structure de table carmaintain. payment_plans
CREATE TABLE IF NOT EXISTS `payment_plans` (
  `id` bigint unsigned NOT NULL AUTO_INCREMENT,
  `name` varchar(255) COLLATE utf8mb4_unicode_ci NOT NULL,
  `created_at` timestamp NULL DEFAULT NULL,
  `updated_at` timestamp NULL DEFAULT NULL,
  PRIMARY KEY (`id`),
  KEY `name` (`name`)
) ENGINE=InnoDB AUTO_INCREMENT=7 DEFAULT CHARSET=utf8mb4 COLLATE=utf8mb4_unicode_ci;

-- Listage des données de la table carmaintain.payment_plans : ~3 rows (environ)
INSERT INTO `payment_plans` (`id`, `name`, `created_at`, `updated_at`) VALUES
	(4, 'Basic Plan', '2024-02-15 17:48:47', '2024-02-15 17:48:47'),
	(5, 'Standard Plan', '2024-02-15 17:48:47', '2024-02-15 17:48:47'),
	(6, 'Premium Plan', '2024-02-15 17:48:47', '2024-02-15 17:48:47');

-- Listage de la structure de table carmaintain. payment_plan_service
CREATE TABLE IF NOT EXISTS `payment_plan_service` (
  `id` bigint unsigned NOT NULL AUTO_INCREMENT,
  `payment_plan_id` bigint unsigned NOT NULL,
  `service_id` bigint unsigned NOT NULL,
  `created_at` timestamp NULL DEFAULT NULL,
  `updated_at` timestamp NULL DEFAULT NULL,
  PRIMARY KEY (`id`),
  UNIQUE KEY `payment_plan_service_payment_plan_id_service_id_unique` (`payment_plan_id`,`service_id`),
  KEY `payment_plan_service_service_id_foreign` (`service_id`),
  CONSTRAINT `payment_plan_service_payment_plan_id_foreign` FOREIGN KEY (`payment_plan_id`) REFERENCES `payment_plans` (`id`) ON DELETE CASCADE ON UPDATE CASCADE,
  CONSTRAINT `payment_plan_service_service_id_foreign` FOREIGN KEY (`service_id`) REFERENCES `services` (`id`) ON DELETE CASCADE ON UPDATE CASCADE
) ENGINE=InnoDB AUTO_INCREMENT=26 DEFAULT CHARSET=utf8mb4 COLLATE=utf8mb4_unicode_ci;

-- Listage des données de la table carmaintain.payment_plan_service : ~17 rows (environ)
INSERT INTO `payment_plan_service` (`id`, `payment_plan_id`, `service_id`, `created_at`, `updated_at`) VALUES
	(1, 4, 4, NULL, NULL),
	(5, 5, 5, NULL, NULL),
	(7, 6, 5, NULL, NULL),
	(9, 6, 7, NULL, NULL),
	(10, 6, 8, NULL, NULL),
	(12, 6, 10, NULL, NULL),
	(14, 6, 1, NULL, NULL),
	(15, 5, 7, NULL, NULL),
	(16, 4, 10, NULL, NULL),
	(17, 6, 15, NULL, NULL),
	(18, 6, 16, NULL, NULL),
	(19, 4, 16, NULL, NULL),
	(20, 5, 8, NULL, NULL),
	(21, 4, 1, NULL, NULL),
	(22, 4, 18, NULL, NULL),
	(23, 6, 18, NULL, NULL),
	(24, 5, 18, NULL, NULL),
	(25, 5, 19, NULL, NULL);

-- Listage de la structure de table carmaintain. payment_plan_user
CREATE TABLE IF NOT EXISTS `payment_plan_user` (
  `id` bigint unsigned NOT NULL AUTO_INCREMENT,
  `payment_plan_id` bigint unsigned NOT NULL,
  `user_id` bigint unsigned NOT NULL,
  `created_at` timestamp NULL DEFAULT NULL,
  `updated_at` timestamp NULL DEFAULT NULL,
  PRIMARY KEY (`id`),
  UNIQUE KEY `payment_plan_user_user_id_unique` (`user_id`),
  KEY `payment_plan_user_payment_plan_id_foreign` (`payment_plan_id`),
  CONSTRAINT `payment_plan_user_payment_plan_id_foreign` FOREIGN KEY (`payment_plan_id`) REFERENCES `payment_plans` (`id`) ON DELETE CASCADE ON UPDATE CASCADE,
  CONSTRAINT `payment_plan_user_user_id_foreign` FOREIGN KEY (`user_id`) REFERENCES `users` (`id`) ON DELETE CASCADE ON UPDATE CASCADE
) ENGINE=InnoDB AUTO_INCREMENT=128 DEFAULT CHARSET=utf8mb4 COLLATE=utf8mb4_unicode_ci;

-- Listage des données de la table carmaintain.payment_plan_user : ~3 rows (environ)
INSERT INTO `payment_plan_user` (`id`, `payment_plan_id`, `user_id`, `created_at`, `updated_at`) VALUES
	(29, 4, 13, NULL, NULL),
	(31, 5, 14, NULL, NULL),
	(46, 4, 15, NULL, NULL),
	(47, 4, 67, NULL, NULL),
	(48, 6, 12, NULL, NULL),
	(49, 4, 151, NULL, NULL),
	(50, 4, 152, NULL, NULL),
	(51, 4, 153, NULL, NULL),
	(52, 4, 154, NULL, NULL),
	(53, 4, 155, NULL, NULL),
	(54, 4, 156, NULL, NULL),
	(55, 4, 157, NULL, NULL),
	(56, 4, 158, NULL, NULL),
	(57, 4, 159, NULL, NULL),
	(58, 4, 160, NULL, NULL),
	(59, 4, 161, NULL, NULL),
	(60, 4, 162, NULL, NULL),
	(61, 4, 163, NULL, NULL),
	(62, 4, 164, NULL, NULL),
	(63, 4, 165, NULL, NULL),
	(64, 4, 166, NULL, NULL),
	(65, 4, 167, NULL, NULL),
	(66, 4, 168, NULL, NULL),
	(67, 4, 169, NULL, NULL),
	(68, 4, 170, NULL, NULL),
	(69, 4, 171, NULL, NULL),
	(70, 4, 172, NULL, NULL),
	(71, 4, 173, NULL, NULL),
	(72, 4, 174, NULL, NULL),
	(73, 4, 175, NULL, NULL),
	(74, 4, 176, NULL, NULL),
	(75, 4, 177, NULL, NULL),
	(76, 4, 178, NULL, NULL),
	(77, 4, 179, NULL, NULL),
	(78, 4, 180, NULL, NULL),
	(79, 4, 181, NULL, NULL),
	(80, 4, 182, NULL, NULL),
	(81, 4, 183, NULL, NULL),
	(82, 4, 184, NULL, NULL),
	(83, 4, 185, NULL, NULL),
	(84, 4, 186, NULL, NULL),
	(85, 4, 187, NULL, NULL),
	(86, 4, 188, NULL, NULL),
	(87, 4, 189, NULL, NULL),
	(88, 4, 190, NULL, NULL),
	(89, 4, 191, NULL, NULL),
	(90, 4, 192, NULL, NULL),
	(91, 4, 193, NULL, NULL),
	(92, 4, 194, NULL, NULL),
	(93, 4, 195, NULL, NULL),
	(94, 4, 196, NULL, NULL),
	(95, 4, 197, NULL, NULL),
	(96, 4, 198, NULL, NULL),
	(97, 4, 199, NULL, NULL),
	(98, 4, 200, NULL, NULL),
	(99, 4, 201, NULL, NULL),
	(100, 4, 202, NULL, NULL),
	(101, 4, 203, NULL, NULL),
	(102, 4, 204, NULL, NULL),
	(103, 4, 205, NULL, NULL),
	(104, 4, 206, NULL, NULL),
	(105, 4, 207, NULL, NULL),
	(106, 4, 208, NULL, NULL),
	(107, 4, 209, NULL, NULL),
	(108, 4, 210, NULL, NULL),
	(109, 4, 211, NULL, NULL),
	(110, 4, 212, NULL, NULL),
	(111, 4, 213, NULL, NULL),
	(112, 4, 214, NULL, NULL),
	(113, 4, 215, NULL, NULL),
	(114, 4, 216, NULL, NULL),
	(115, 4, 217, NULL, NULL),
	(116, 4, 218, NULL, NULL),
	(117, 4, 219, NULL, NULL),
	(118, 4, 220, NULL, NULL),
	(119, 4, 221, NULL, NULL),
	(120, 4, 222, NULL, NULL),
	(121, 4, 223, NULL, NULL),
	(122, 4, 224, NULL, NULL),
	(123, 4, 225, NULL, NULL),
	(124, 4, 226, NULL, NULL),
	(126, 4, 228, NULL, NULL),
	(127, 6, 227, NULL, NULL);

-- Listage de la structure de table carmaintain. personal_access_tokens
CREATE TABLE IF NOT EXISTS `personal_access_tokens` (
  `id` bigint unsigned NOT NULL AUTO_INCREMENT,
  `tokenable_type` varchar(255) COLLATE utf8mb4_unicode_ci NOT NULL,
  `tokenable_id` bigint unsigned NOT NULL,
  `name` varchar(255) COLLATE utf8mb4_unicode_ci NOT NULL,
  `token` varchar(64) COLLATE utf8mb4_unicode_ci NOT NULL,
  `abilities` text COLLATE utf8mb4_unicode_ci,
  `last_used_at` timestamp NULL DEFAULT NULL,
  `expires_at` timestamp NULL DEFAULT NULL,
  `created_at` timestamp NULL DEFAULT NULL,
  `updated_at` timestamp NULL DEFAULT NULL,
  PRIMARY KEY (`id`),
  UNIQUE KEY `personal_access_tokens_token_unique` (`token`),
  KEY `personal_access_tokens_tokenable_type_tokenable_id_index` (`tokenable_type`,`tokenable_id`)
) ENGINE=InnoDB DEFAULT CHARSET=utf8mb4 COLLATE=utf8mb4_unicode_ci;

-- Listage des données de la table carmaintain.personal_access_tokens : ~0 rows (environ)

-- Listage de la structure de table carmaintain. purchases
CREATE TABLE IF NOT EXISTS `purchases` (
  `id` bigint unsigned NOT NULL AUTO_INCREMENT,
  `user_id` bigint unsigned NOT NULL,
  `device_id` bigint unsigned NOT NULL,
  `date` date NOT NULL,
  `stat` int DEFAULT NULL,
  `created_at` timestamp NULL DEFAULT NULL,
  `updated_at` timestamp NULL DEFAULT NULL,
  `position` varchar(255) CHARACTER SET utf8mb4 COLLATE utf8mb4_unicode_ci DEFAULT NULL,
  PRIMARY KEY (`id`),
  KEY `purchases_device_id_foreign` (`device_id`),
  KEY `purchases_user_id_foreign` (`user_id`),
  CONSTRAINT `purchases_device_id_foreign` FOREIGN KEY (`device_id`) REFERENCES `devices` (`id`) ON DELETE CASCADE ON UPDATE CASCADE,
  CONSTRAINT `purchases_user_id_foreign` FOREIGN KEY (`user_id`) REFERENCES `users` (`id`) ON DELETE CASCADE ON UPDATE CASCADE
) ENGINE=InnoDB AUTO_INCREMENT=232 DEFAULT CHARSET=utf8mb4 COLLATE=utf8mb4_unicode_ci;

-- Listage des données de la table carmaintain.purchases : ~0 rows (environ)
INSERT INTO `purchases` (`id`, `user_id`, `device_id`, `date`, `stat`, `created_at`, `updated_at`, `position`) VALUES
	(46, 67, 36, '2024-04-29', 1, '2024-04-29 17:47:59', '2024-04-29 17:48:39', '{"position":{"x":0,"y":0,"z":0}}'),
	(47, 67, 34, '2024-04-29', 1, '2024-04-29 17:48:06', '2024-04-29 17:48:45', '{"position":{"x":0,"y":0,"z":0}}'),
	(54, 104, 32, '2023-05-22', 0, '2024-04-29 18:34:34', '2024-04-29 18:34:34', 'Deserunt mollitia dolorem aliquam ut molestiae consequatur dolor.'),
	(55, 158, 32, '2023-11-01', 1, '2024-04-29 18:34:34', '2024-04-29 18:34:34', 'Ut soluta accusamus aut esse illo.'),
	(56, 53, 37, '2023-11-20', 1, '2024-04-29 18:34:34', '2024-04-29 18:34:34', 'Quis quia qui sed rerum repellendus doloribus ut ab.'),
	(57, 113, 32, '2024-04-09', 0, '2024-04-29 18:34:34', '2024-04-29 18:34:34', 'Quis ex consequatur eos sit voluptate illo dolor.'),
	(58, 54, 30, '2023-11-23', 0, '2024-04-29 18:34:34', '2024-04-29 18:34:34', 'Quis similique repellendus ipsa.'),
	(59, 164, 34, '2023-09-09', 0, '2024-04-29 18:34:34', '2024-04-29 18:34:34', 'Dolorum impedit voluptas exercitationem alias excepturi eos.'),
	(60, 75, 32, '2023-07-10', 0, '2024-04-29 18:34:34', '2024-04-29 18:34:34', 'Voluptate quaerat at debitis quia voluptatem ipsum tenetur.'),
	(61, 91, 31, '2023-06-05', 0, '2024-04-29 18:34:34', '2024-04-29 18:34:34', 'Rerum qui nostrum aperiam consequuntur.'),
	(62, 104, 34, '2023-05-29', 1, '2024-04-29 18:34:34', '2024-04-29 18:34:34', 'Magnam tempore est nihil sit explicabo laudantium nihil ut.'),
	(63, 146, 32, '2023-10-20', 0, '2024-04-29 18:34:34', '2024-04-29 18:34:34', 'Eos ducimus doloremque quas numquam delectus.'),
	(64, 13, 36, '2023-05-18', 0, '2024-04-29 18:34:34', '2024-04-29 18:34:34', 'Tempore libero aut aspernatur ratione veniam.'),
	(65, 80, 33, '2023-11-13', 0, '2024-04-29 18:34:34', '2024-04-29 18:34:34', 'Temporibus hic nostrum perspiciatis doloribus sit debitis.'),
	(66, 178, 30, '2023-11-29', 0, '2024-04-29 18:34:34', '2024-04-29 18:34:34', 'Deserunt id vel magnam et qui omnis.'),
	(67, 88, 36, '2023-12-06', 0, '2024-04-29 18:34:34', '2024-04-29 18:34:34', 'Eos cupiditate sint et fugiat quia.'),
	(68, 178, 32, '2024-04-09', 0, '2024-04-29 18:34:34', '2024-04-29 18:34:34', 'Dolorem nam dolores et.'),
	(69, 165, 31, '2023-06-11', 0, '2024-04-29 18:34:34', '2024-04-29 18:34:34', 'Beatae exercitationem distinctio consequatur mollitia ad officia numquam.'),
	(72, 124, 31, '2023-10-31', 0, '2024-04-29 18:34:38', '2024-04-29 18:34:38', 'Et natus ut dignissimos et.'),
	(73, 92, 37, '2023-11-05', 1, '2024-04-29 18:34:38', '2024-04-29 18:34:38', 'Dolor aut velit et in eius.'),
	(74, 124, 36, '2023-06-16', 1, '2024-04-29 18:34:38', '2024-04-29 18:34:38', 'Hic quia quibusdam voluptates sunt non distinctio veritatis.'),
	(75, 90, 32, '2023-10-01', 1, '2024-04-29 18:34:38', '2024-04-29 18:34:38', 'Reprehenderit et ut recusandae ea earum aut.'),
	(76, 158, 36, '2024-02-17', 0, '2024-04-29 18:34:38', '2024-04-29 18:34:38', 'Itaque quo sint corporis corrupti.'),
	(77, 130, 31, '2023-08-16', 1, '2024-04-29 18:34:38', '2024-04-29 18:34:38', 'Perspiciatis dolor accusamus tempore qui.'),
	(78, 45, 30, '2023-11-27', 0, '2024-04-29 18:34:38', '2024-04-29 18:34:38', 'Cupiditate quia eos id et enim.'),
	(79, 140, 31, '2023-05-05', 1, '2024-04-29 18:34:38', '2024-04-29 18:34:38', 'Ipsum libero a dolor voluptate a voluptatibus maxime.'),
	(81, 200, 37, '2023-10-03', 0, '2024-04-29 18:34:39', '2024-04-29 18:34:39', 'Sed et aut quas enim praesentium eos quo quod.'),
	(82, 177, 33, '2023-11-14', 0, '2024-04-29 18:34:39', '2024-04-29 18:34:39', 'Ullam adipisci consequuntur accusamus quo aut similique similique.'),
	(85, 82, 37, '2023-06-08', 1, '2024-04-29 18:34:40', '2024-04-29 18:34:40', 'Maiores deserunt culpa esse distinctio eos non delectus.'),
	(86, 106, 33, '2024-01-31', 1, '2024-04-29 18:34:40', '2024-04-29 18:34:40', 'Impedit numquam ab optio at.'),
	(87, 14, 37, '2024-03-09', 1, '2024-04-29 18:34:40', '2024-04-29 18:34:40', 'Consequuntur excepturi inventore repellat voluptas nostrum ea cum.'),
	(88, 89, 36, '2024-02-28', 0, '2024-04-29 18:34:40', '2024-04-29 18:34:40', 'Voluptatem aut blanditiis numquam porro quibusdam doloribus.'),
	(89, 127, 34, '2024-01-15', 1, '2024-04-29 18:34:40', '2024-04-29 18:34:40', 'Quo odio omnis porro inventore.'),
	(90, 60, 36, '2024-01-09', 1, '2024-04-29 18:34:40', '2024-04-29 18:34:40', 'Magni nihil et debitis tempora tempora officiis corrupti.'),
	(91, 190, 33, '2023-09-10', 1, '2024-04-29 18:34:40', '2024-04-29 18:34:40', 'Animi ipsam ipsam ipsum animi sunt iste.'),
	(92, 110, 37, '2024-03-24', 0, '2024-04-29 18:34:40', '2024-04-29 18:34:40', 'Placeat perferendis perspiciatis ut est.'),
	(93, 116, 33, '2023-06-17', 0, '2024-04-29 18:34:40', '2024-04-29 18:34:40', 'Aliquam qui voluptatibus id.'),
	(94, 144, 33, '2023-09-28', 0, '2024-04-29 18:34:40', '2024-04-29 18:34:40', 'Ducimus natus fugiat sit ut quibusdam in.'),
	(96, 120, 37, '2024-02-07', 0, '2024-04-29 18:34:41', '2024-04-29 18:34:41', 'Reiciendis enim sit ea eaque dolore.'),
	(97, 163, 37, '2023-10-28', 0, '2024-04-29 18:34:41', '2024-04-29 18:34:41', 'Natus facere earum in aut dolor dolorem.'),
	(98, 187, 34, '2024-01-09', 1, '2024-04-29 18:34:41', '2024-04-29 18:34:41', 'Est placeat quia perspiciatis aut architecto.'),
	(99, 164, 36, '2023-10-25', 1, '2024-04-29 18:34:41', '2024-04-29 18:34:41', 'Quisquam optio voluptatum qui at.'),
	(100, 51, 31, '2023-08-30', 0, '2024-04-29 18:34:41', '2024-04-29 18:34:41', 'Ipsam ipsa sequi qui illum ullam numquam consequatur.'),
	(101, 192, 32, '2023-08-28', 0, '2024-04-29 18:34:41', '2024-04-29 18:34:41', 'Nostrum et qui porro iusto corporis doloribus.'),
	(102, 158, 31, '2023-05-10', 1, '2024-04-29 18:34:41', '2024-04-29 18:34:41', 'Et molestiae fugit nostrum aut quisquam.'),
	(103, 81, 36, '2023-11-13', 1, '2024-04-29 18:34:41', '2024-04-29 18:34:41', 'Illum blanditiis dolore officiis libero laborum.'),
	(108, 64, 34, '2023-10-01', 1, '2024-04-29 18:34:45', '2024-04-29 18:34:45', 'In unde dolore molestiae et ipsa.'),
	(109, 186, 32, '2023-10-20', 1, '2024-04-29 18:34:45', '2024-04-29 18:34:45', 'At veniam perspiciatis placeat voluptates.'),
	(111, 178, 31, '2023-09-27', 1, '2024-04-29 18:34:45', '2024-04-29 18:34:45', 'Repudiandae neque laboriosam possimus eum similique.'),
	(112, 196, 30, '2023-06-24', 0, '2024-04-29 18:34:45', '2024-04-29 18:34:45', 'Delectus nihil non soluta totam magni.'),
	(113, 62, 30, '2024-04-06', 1, '2024-04-29 18:34:45', '2024-04-29 18:34:45', 'Est optio ab ut eum eligendi accusantium.'),
	(115, 196, 36, '2023-07-16', 1, '2024-04-29 18:34:46', '2024-04-29 18:34:46', 'Ullam sunt quis mollitia dolorem.'),
	(116, 197, 30, '2024-01-30', 1, '2024-04-29 18:34:46', '2024-04-29 18:34:46', 'Vel laboriosam odit dolor voluptatibus voluptatum sunt vitae.'),
	(117, 96, 30, '2024-04-26', 1, '2024-04-29 18:34:46', '2024-04-29 18:34:46', 'Molestiae officiis quo molestiae consequatur.'),
	(118, 193, 31, '2023-08-14', 1, '2024-04-29 18:34:46', '2024-04-29 18:34:46', 'Unde repellendus voluptatem ipsam.'),
	(119, 143, 36, '2023-09-13', 0, '2024-04-29 18:34:46', '2024-04-29 18:34:46', 'Soluta et vel animi magnam magni ipsa.'),
	(120, 198, 32, '2023-10-12', 1, '2024-04-29 18:34:46', '2024-04-29 18:34:46', 'Velit necessitatibus pariatur quae aut veniam qui hic quis.'),
	(122, 79, 37, '2024-04-10', 1, '2024-04-29 18:34:47', '2024-04-29 18:34:47', 'Rerum et reiciendis voluptas recusandae voluptas repellat dolorem.'),
	(123, 68, 33, '2024-01-11', 1, '2024-04-29 18:34:47', '2024-04-29 18:34:47', 'Ullam assumenda recusandae eligendi.'),
	(124, 94, 32, '2023-10-24', 0, '2024-04-29 18:34:47', '2024-04-29 18:34:47', 'Ipsa repudiandae dolorum quas incidunt id laudantium.'),
	(125, 89, 32, '2023-08-22', 0, '2024-04-29 18:34:47', '2024-04-29 18:34:47', 'Cum est accusantium ullam fugit.'),
	(126, 40, 31, '2024-02-26', 0, '2024-04-29 18:34:47', '2024-04-29 18:34:47', 'Aut a modi non saepe excepturi.'),
	(127, 189, 34, '2023-10-09', 1, '2024-04-29 18:34:47', '2024-04-29 18:34:47', 'Fugit ullam dolorem placeat non neque laudantium qui.'),
	(128, 96, 33, '2023-11-04', 1, '2024-04-29 18:34:47', '2024-04-29 18:34:47', 'Sit nesciunt voluptatum velit sint autem sunt aperiam.'),
	(129, 90, 37, '2024-01-25', 0, '2024-04-29 18:34:47', '2024-04-29 18:34:47', 'Dicta voluptate quis velit.'),
	(131, 161, 34, '2023-08-15', 1, '2024-04-29 18:34:48', '2024-04-29 18:34:48', 'Blanditiis aut rem voluptas dolor.'),
	(132, 196, 36, '2023-10-20', 1, '2024-04-29 18:34:48', '2024-04-29 18:34:48', 'Cumque sint voluptatem possimus suscipit voluptatem assumenda.'),
	(133, 70, 36, '2023-11-16', 0, '2024-04-29 18:34:48', '2024-04-29 18:34:48', 'Vel molestias ut rerum minus quidem.'),
	(134, 165, 30, '2023-05-18', 0, '2024-04-29 18:34:48', '2024-04-29 18:34:48', 'Adipisci corrupti adipisci ipsa dolorem expedita aut.'),
	(135, 189, 34, '2024-01-01', 0, '2024-04-29 18:34:48', '2024-04-29 18:34:48', 'Delectus nihil aliquid numquam.'),
	(136, 42, 33, '2024-01-14', 0, '2024-04-29 18:34:48', '2024-04-29 18:34:48', 'Nisi dolor et voluptates dolores.'),
	(137, 142, 31, '2023-07-19', 0, '2024-04-29 18:34:48', '2024-04-29 18:34:48', 'Mollitia qui dolores amet in qui voluptates odio.'),
	(139, 170, 32, '2023-08-04', 1, '2024-04-29 18:34:49', '2024-04-29 18:34:49', 'Soluta qui quasi omnis eveniet voluptas vero.'),
	(140, 162, 31, '2023-09-28', 0, '2024-04-29 18:34:49', '2024-04-29 18:34:49', 'Modi non explicabo qui illum quibusdam occaecati rem.'),
	(141, 191, 30, '2024-02-11', 0, '2024-04-29 18:34:49', '2024-04-29 18:34:49', 'Et distinctio blanditiis quidem illo nihil quasi.'),
	(142, 41, 37, '2023-08-01', 1, '2024-04-29 18:34:49', '2024-04-29 18:34:49', 'Aut omnis facilis accusantium.'),
	(143, 169, 34, '2023-11-08', 1, '2024-04-29 18:34:49', '2024-04-29 18:34:49', 'Accusamus omnis sequi aspernatur saepe.'),
	(144, 113, 30, '2023-06-01', 0, '2024-04-29 18:34:49', '2024-04-29 18:34:49', 'Rem odio qui voluptas repudiandae est.'),
	(145, 96, 30, '2023-06-28', 0, '2024-04-29 18:34:49', '2024-04-29 18:34:49', 'Maiores eos ratione quidem at.'),
	(146, 74, 31, '2024-01-06', 0, '2024-04-29 18:34:49', '2024-04-29 18:34:49', 'Distinctio in eos sed rerum.'),
	(148, 131, 33, '2023-08-29', 0, '2024-04-29 18:34:50', '2024-04-29 18:34:50', 'Eos est est temporibus in eius.'),
	(149, 136, 31, '2023-06-14', 0, '2024-04-29 18:34:50', '2024-04-29 18:34:50', 'Harum voluptatem aut sint eos.'),
	(151, 173, 33, '2024-03-02', 1, '2024-04-29 18:34:52', '2024-04-29 18:34:52', 'Amet veniam alias dolorum sunt.'),
	(152, 194, 30, '2023-09-29', 0, '2024-04-29 18:34:52', '2024-04-29 18:34:52', 'Ut nam aut illo.'),
	(153, 115, 36, '2024-04-06', 0, '2024-04-29 18:34:52', '2024-04-29 18:34:52', 'Corrupti ut a reiciendis dolores velit neque.'),
	(154, 51, 37, '2023-08-22', 0, '2024-04-29 18:34:52', '2024-04-29 18:34:52', 'Rerum mollitia tempora vel nemo repellendus itaque hic.'),
	(157, 83, 33, '2023-08-26', 1, '2024-04-29 18:34:54', '2024-04-29 18:34:54', 'Quos nam aperiam praesentium blanditiis suscipit.'),
	(158, 41, 31, '2023-06-18', 0, '2024-04-29 18:34:54', '2024-04-29 18:34:54', 'Consequatur minima aut itaque ab et iste.'),
	(159, 90, 34, '2024-01-06', 0, '2024-04-29 18:34:54', '2024-04-29 18:34:54', 'Quod cumque asperiores ut eum id.'),
	(160, 128, 36, '2023-10-04', 0, '2024-04-29 18:34:54', '2024-04-29 18:34:54', 'In voluptatem ab cumque non et odit maxime.'),
	(161, 99, 34, '2024-02-20', 1, '2024-04-29 18:34:54', '2024-04-29 18:34:54', 'Dolore neque accusamus libero.'),
	(162, 120, 33, '2023-06-01', 1, '2024-04-29 18:34:54', '2024-04-29 18:34:54', 'Delectus et omnis ut numquam quis ut sed.'),
	(163, 191, 36, '2024-02-08', 1, '2024-04-29 18:34:54', '2024-04-29 18:34:54', 'Rem numquam tempore voluptate ut voluptatem qui iusto.'),
	(164, 180, 34, '2023-12-06', 1, '2024-04-29 18:34:54', '2024-04-29 18:34:54', 'Voluptatem nemo incidunt impedit unde nemo voluptas.'),
	(165, 95, 30, '2023-06-03', 0, '2024-04-29 18:34:54', '2024-04-29 18:34:54', 'Ab sed suscipit officia qui.'),
	(167, 194, 30, '2024-01-13', 0, '2024-04-29 18:34:55', '2024-04-29 18:34:55', 'Aliquid quam placeat asperiores esse sed.'),
	(168, 154, 36, '2023-07-12', 1, '2024-04-29 18:34:55', '2024-04-29 18:34:55', 'Ab iusto veritatis tempore et voluptatibus soluta.'),
	(169, 125, 33, '2023-05-08', 1, '2024-04-29 18:34:55', '2024-04-29 18:34:55', 'Nobis veniam quidem cumque.'),
	(171, 115, 36, '2024-02-01', 0, '2024-04-29 18:34:56', '2024-04-29 18:34:56', 'Voluptatem libero aut explicabo dolores.'),
	(173, 123, 33, '2023-12-01', 1, '2024-04-29 18:34:57', '2024-04-29 18:34:57', 'Et blanditiis ut assumenda sed et.'),
	(174, 38, 31, '2023-12-16', 1, '2024-04-29 18:34:57', '2024-04-29 18:34:57', 'Molestiae nisi sed consequuntur eum.'),
	(175, 118, 37, '2023-07-28', 0, '2024-04-29 18:34:57', '2024-04-29 18:34:57', 'Repellendus aut illum culpa nulla eum quia quam et.'),
	(176, 42, 34, '2023-07-27', 0, '2024-04-29 18:34:57', '2024-04-29 18:34:57', 'Repellendus impedit aut qui impedit.'),
	(177, 51, 34, '2024-01-19', 0, '2024-04-29 18:34:57', '2024-04-29 18:34:57', 'Et unde perspiciatis sit harum.'),
	(178, 53, 36, '2023-09-30', 1, '2024-04-29 18:34:57', '2024-04-29 18:34:57', 'Voluptas id quos officiis et sapiente voluptatum culpa nobis.'),
	(180, 41, 31, '2024-04-12', 0, '2024-04-29 18:34:58', '2024-04-29 18:34:58', 'Non impedit et sint.'),
	(181, 67, 37, '2023-08-23', 0, '2024-04-29 18:34:58', '2024-04-29 18:34:58', 'Aut quo ab odit perferendis aliquam odit.'),
	(182, 61, 37, '2023-07-24', 0, '2024-04-29 18:34:58', '2024-04-29 18:34:58', 'Nam aut doloremque a itaque suscipit et magni.'),
	(183, 73, 32, '2023-09-16', 1, '2024-04-29 18:34:58', '2024-04-29 18:34:58', 'Dolor et aut et suscipit quisquam quam et.'),
	(184, 101, 37, '2024-02-04', 0, '2024-04-29 18:34:58', '2024-04-29 18:34:58', 'Doloremque rerum laudantium dolores molestiae enim qui odio.'),
	(186, 85, 33, '2023-06-18', 0, '2024-04-29 18:34:59', '2024-04-29 18:34:59', 'Asperiores sed asperiores aspernatur dolor culpa.'),
	(187, 95, 37, '2023-11-01', 1, '2024-04-29 18:34:59', '2024-04-29 18:34:59', 'Provident aut quia mollitia asperiores.'),
	(188, 198, 37, '2023-10-19', 0, '2024-04-29 18:34:59', '2024-04-29 18:34:59', 'Expedita voluptatem quia ea quo id.'),
	(189, 67, 30, '2023-07-22', 1, '2024-04-29 18:34:59', '2024-04-29 18:34:59', 'Voluptas dolorem facere error sed.'),
	(190, 189, 37, '2023-11-07', 1, '2024-04-29 18:34:59', '2024-04-29 18:34:59', 'Recusandae nihil eaque voluptas.'),
	(191, 70, 31, '2024-02-28', 0, '2024-04-29 18:34:59', '2024-04-29 18:34:59', 'Quis fugit culpa aut aperiam laborum eius.'),
	(192, 146, 36, '2023-06-02', 1, '2024-04-29 18:34:59', '2024-04-29 18:34:59', 'Adipisci rerum nostrum nobis quas.'),
	(193, 175, 36, '2023-07-09', 1, '2024-04-29 18:34:59', '2024-04-29 18:34:59', 'At ut eligendi cumque et consectetur optio accusantium.'),
	(195, 42, 31, '2023-08-22', 1, '2024-04-29 18:35:00', '2024-04-29 18:35:00', 'Corporis minima ex iste quasi ducimus sunt reprehenderit.'),
	(196, 97, 31, '2023-10-24', 0, '2024-04-29 18:35:00', '2024-04-29 18:35:00', 'Dolores molestias aspernatur quaerat consequuntur error ipsum.'),
	(198, 49, 32, '2024-04-18', 1, '2024-04-29 18:35:01', '2024-04-29 18:35:01', 'Molestiae et deserunt at et sit repudiandae.'),
	(199, 194, 33, '2024-03-23', 0, '2024-04-29 18:35:01', '2024-04-29 18:35:01', 'Consequatur vero et veritatis assumenda numquam repellendus.'),
	(200, 138, 36, '2023-09-22', 0, '2024-04-29 18:35:01', '2024-04-29 18:35:01', 'Ipsum nobis ut et et corporis.'),
	(202, 99, 30, '2023-10-11', 0, '2024-04-29 18:35:02', '2024-04-29 18:35:02', 'Eos dolorem mollitia temporibus.'),
	(203, 130, 37, '2023-05-17', 0, '2024-04-29 18:35:02', '2024-04-29 18:35:02', 'Ut amet nesciunt deserunt ipsum.'),
	(204, 191, 30, '2024-01-10', 1, '2024-04-29 18:35:02', '2024-04-29 18:35:02', 'Reprehenderit enim quam aperiam non quae.'),
	(205, 118, 33, '2024-02-15', 0, '2024-04-29 18:35:02', '2024-04-29 18:35:02', 'Delectus mollitia ut temporibus impedit eos est.'),
	(206, 109, 34, '2023-11-01', 0, '2024-04-29 18:35:02', '2024-04-29 18:35:02', 'Est voluptatem nihil autem eaque.'),
	(207, 169, 34, '2023-05-20', 0, '2024-04-29 18:35:02', '2024-04-29 18:35:02', 'Totam at commodi et dolores quisquam laborum.'),
	(208, 38, 36, '2024-02-18', 1, '2024-04-29 18:35:02', '2024-04-29 18:35:02', 'Nam aut maxime iusto omnis.'),
	(209, 43, 36, '2023-09-18', 1, '2024-04-29 18:35:02', '2024-04-29 18:35:02', 'Vel perferendis ut deleniti laborum quia eius dolores.'),
	(210, 153, 34, '2023-08-15', 0, '2024-04-29 18:35:02', '2024-04-29 18:35:02', 'Ducimus voluptatem est sit sint aut quasi dignissimos.'),
	(211, 55, 31, '2023-12-27', 1, '2024-04-29 18:35:02', '2024-04-29 18:35:02', 'Consequatur blanditiis magnam dolorem pariatur et possimus soluta.'),
	(212, 40, 32, '2023-07-01', 0, '2024-04-29 18:35:02', '2024-04-29 18:35:02', 'Aliquam quia excepturi nam voluptatem.'),
	(213, 82, 32, '2024-04-04', 1, '2024-04-29 18:35:02', '2024-04-29 18:35:02', 'Ut aut reiciendis veniam deserunt ullam fuga assumenda.'),
	(214, 157, 32, '2024-04-19', 1, '2024-04-29 18:35:02', '2024-04-29 18:35:02', 'Totam esse molestias laborum.'),
	(215, 91, 34, '2024-03-06', 1, '2024-04-29 18:35:02', '2024-04-29 18:35:02', 'Ipsa eos nulla amet distinctio delectus quo.'),
	(216, 48, 37, '2024-02-11', 0, '2024-04-29 18:35:02', '2024-04-29 18:35:02', 'Debitis sunt qui facilis.'),
	(218, 43, 31, '2023-11-20', 1, '2024-04-29 18:35:04', '2024-04-29 18:35:04', 'Eaque molestiae pariatur molestiae quis possimus cum fugiat.'),
	(219, 69, 33, '2023-12-26', 1, '2024-04-29 18:35:04', '2024-04-29 18:35:04', 'Enim ea et qui est iusto debitis quisquam sunt.'),
	(220, 186, 32, '2024-02-05', 0, '2024-04-29 18:35:04', '2024-04-29 18:35:04', 'Nam deleniti culpa in.'),
	(221, 120, 36, '2023-07-16', 1, '2024-04-29 18:35:04', '2024-04-29 18:35:04', 'Vero sit eos autem voluptatibus animi aspernatur autem.'),
	(222, 58, 32, '2024-03-13', 1, '2024-04-29 18:35:04', '2024-04-29 18:35:04', 'Dolores facilis facere voluptatem nobis id minus omnis.'),
	(223, 69, 32, '2023-09-21', 1, '2024-04-29 18:35:04', '2024-04-29 18:35:04', 'Ut et voluptatum porro accusamus nostrum.'),
	(225, 71, 37, '2023-09-04', 1, '2024-04-29 18:35:05', '2024-04-29 18:53:16', 'Eligendi sed vero est quaerat libero natus.'),
	(226, 191, 34, '2024-01-22', 0, '2024-04-29 18:35:05', '2024-04-29 18:35:05', 'Dicta quae est qui veritatis.'),
	(227, 190, 36, '2023-07-04', 0, '2024-04-29 18:35:05', '2024-04-29 18:35:05', 'Porro consequuntur ex dolor suscipit culpa mollitia ullam velit.'),
	(228, 112, 32, '2024-04-05', 1, '2024-04-29 18:35:05', '2024-04-29 18:35:05', 'Et voluptatem sit cum vel architecto.'),
	(229, 70, 33, '2023-10-03', 0, '2024-04-29 18:35:05', '2024-04-29 18:35:05', 'Neque sapiente atque laborum doloremque.'),
	(230, 183, 36, '2023-12-29', 1, '2024-04-29 18:35:05', '2024-04-29 18:35:05', 'Eos aut et sed iste aut.');

-- Listage de la structure de table carmaintain. reports
CREATE TABLE IF NOT EXISTS `reports` (
  `id` bigint unsigned NOT NULL AUTO_INCREMENT,
  `user_id` bigint unsigned NOT NULL,
  `application_status` int DEFAULT NULL,
  `application_date` timestamp NOT NULL,
  `created_at` timestamp NULL DEFAULT NULL,
  `updated_at` timestamp NULL DEFAULT NULL,
  `job` varchar(50) COLLATE utf8mb4_unicode_ci DEFAULT NULL,
  `title` varchar(255) CHARACTER SET utf8mb4 COLLATE utf8mb4_unicode_ci DEFAULT NULL,
  `description` text CHARACTER SET utf8mb4 COLLATE utf8mb4_unicode_ci,
  PRIMARY KEY (`id`),
  KEY `reports_user_id_foreign` (`user_id`),
  CONSTRAINT `reports_user_id_foreign` FOREIGN KEY (`user_id`) REFERENCES `users` (`id`) ON DELETE CASCADE ON UPDATE CASCADE
) ENGINE=InnoDB AUTO_INCREMENT=298 DEFAULT CHARSET=utf8mb4 COLLATE=utf8mb4_unicode_ci;

-- Listage des données de la table carmaintain.reports : ~0 rows (environ)
INSERT INTO `reports` (`id`, `user_id`, `application_status`, `application_date`, `created_at`, `updated_at`, `job`, `title`, `description`) VALUES
	(219, 177, 1, '2024-02-22 10:20:14', '2024-04-29 18:48:00', '2024-04-29 18:48:00', NULL, 'Home', 'Corporis laborum possimus a esse perferendis at placeat. Fugit autem explicabo voluptas est. Facere quas voluptas voluptas quaerat vel explicabo non.'),
	(220, 40, 1, '2024-02-11 12:22:07', '2024-04-29 18:48:00', '2024-04-29 18:48:00', NULL, 'Communications Teacher', 'Beatae et qui dolores repellendus. Sit sit quidem atque necessitatibus at. Optio eos sed doloremque quasi natus perferendis consequatur voluptas. Nulla fuga deserunt occaecati debitis aut fuga.'),
	(222, 151, 0, '2024-02-08 00:09:23', '2024-04-29 18:48:02', '2024-04-29 18:48:02', NULL, 'Talent Acquisition Manager', 'Provident occaecati accusamus nulla magni vitae ea. Sed quas sunt eos quo. Doloremque itaque est vero impedit ea.'),
	(223, 131, 1, '2024-02-25 08:13:26', '2024-04-29 18:48:02', '2024-04-29 18:48:02', NULL, 'Conservation Scientist', 'Dolore in enim et commodi laboriosam. Sequi itaque aliquid libero inventore. Sint cumque hic quis ipsam nulla repudiandae.'),
	(224, 136, 0, '2024-01-19 03:17:42', '2024-04-29 18:48:02', '2024-04-29 18:48:02', NULL, 'Aircraft Launch and Recovery Officer', 'Eum totam dolor enim quaerat fugiat. Tempore voluptas officia recusandae. Optio vel et placeat rem saepe enim et nostrum. Alias odio modi vel dolores dolores.'),
	(225, 116, 0, '2024-01-24 02:26:18', '2024-04-29 18:48:02', '2024-04-29 18:48:02', NULL, 'Stone Sawyer', 'Deserunt voluptatibus quo accusamus culpa. Quis laborum ut quia et cupiditate. Vel cupiditate omnis voluptatem deserunt voluptates.'),
	(226, 198, 0, '2024-01-25 03:14:45', '2024-04-29 18:48:03', '2024-04-29 18:48:03', NULL, 'Airline Pilot OR Copilot OR Flight Engineer', 'Officia et autem nam unde. Inventore quasi nihil quae eligendi hic. Optio omnis ut non illo quisquam velit aspernatur. Rerum quis dolor aut illum.'),
	(227, 153, 0, '2024-02-26 01:51:12', '2024-04-29 18:48:03', '2024-04-29 18:48:03', NULL, 'Telecommunications Facility Examiner', 'Fuga voluptatem ipsa molestiae consectetur. Earum vel consequuntur ullam provident omnis animi sapiente. Eum temporibus omnis culpa qui corporis. Facilis quia sed veritatis eaque.'),
	(228, 118, 1, '2024-03-22 20:41:17', '2024-04-29 18:48:03', '2024-04-29 18:48:03', NULL, 'Hunter and Trapper', 'Molestias incidunt ut repudiandae et et assumenda fugiat. Autem accusamus ut odit laborum saepe ea dolorem sed. Vitae sit ut animi laborum eum.'),
	(229, 44, 0, '2024-02-28 10:31:19', '2024-04-29 18:48:03', '2024-04-29 18:48:03', NULL, 'TSA', 'Optio ipsa voluptas atque perspiciatis. Impedit eos ut nobis porro. Facilis officiis adipisci voluptatem. Sit laboriosam tempore tenetur incidunt laborum sed beatae sint.'),
	(230, 107, 0, '2024-01-22 19:26:23', '2024-04-29 18:48:03', '2024-04-29 18:48:03', NULL, 'Drafter', 'Vel dolorum omnis mollitia maiores delectus accusamus est. Nam id sint dolores error. Ea nesciunt rerum repudiandae aut mollitia.'),
	(231, 155, 0, '2024-03-15 10:50:13', '2024-04-29 18:48:03', '2024-04-29 18:48:03', NULL, 'Tool Sharpener', 'Molestiae deleniti blanditiis temporibus ut. Cumque tempora modi sit asperiores molestiae quasi unde enim. Ut tenetur sed et laboriosam. Alias quod ut distinctio magnam hic dolor.'),
	(232, 182, 1, '2024-02-22 18:44:42', '2024-04-29 18:48:03', '2024-04-29 18:48:03', NULL, 'Animal Breeder', 'Aut dolorum vel corporis quidem voluptas distinctio molestiae sint. Veniam et fugiat voluptas dolores. Tempore ab facilis hic sit. Eaque sint possimus non doloribus magni.'),
	(233, 194, 1, '2024-03-29 11:36:51', '2024-04-29 18:48:03', '2024-04-29 18:48:03', NULL, 'Political Scientist', 'Blanditiis magnam omnis qui aut veniam. Nostrum animi minus eum aut qui laboriosam veniam. Ullam quia voluptatem saepe non. Est esse est quia.'),
	(234, 132, 0, '2024-01-11 02:51:15', '2024-04-29 18:48:03', '2024-04-29 18:48:03', NULL, 'Bulldozer Operator', 'Aperiam et quis et perspiciatis nostrum fugiat quibusdam iure. Qui alias illum harum reprehenderit. Earum quia temporibus accusamus. Et non perspiciatis aut magnam laboriosam delectus.'),
	(235, 100, 1, '2024-01-29 19:35:25', '2024-04-29 18:48:03', '2024-04-29 18:48:03', NULL, 'Animal Trainer', 'Fuga quos aut qui fugiat aperiam odit. Deleniti et aut aliquid odio eos. Ipsam culpa reprehenderit natus expedita nemo aliquid veritatis. Expedita fugit nam ducimus et reiciendis corrupti blanditiis.'),
	(236, 184, 1, '2024-02-29 21:05:26', '2024-04-29 18:48:03', '2024-04-29 18:48:03', NULL, 'Physics Teacher', 'Voluptatem inventore aliquam consequatur fugit eum. Quis iste quia sit recusandae. Perferendis ea adipisci impedit iure consectetur beatae rerum maiores. Eius accusantium mollitia illum.'),
	(237, 124, 0, '2024-01-31 20:18:51', '2024-04-29 18:48:03', '2024-04-29 18:48:03', NULL, 'Healthcare', 'Quod omnis dolore consequatur aperiam corrupti facere sit magni. Sed ut ut sint maxime. Optio dolore voluptas quo ut ut sunt eaque. Eius corporis id dolorem veritatis.'),
	(239, 46, 1, '2024-02-13 06:41:40', '2024-04-29 18:48:04', '2024-04-29 18:48:04', NULL, 'Logging Supervisor', 'Repellendus sapiente officiis est illum quos eius inventore. Nesciunt sint et non perferendis. Sit in quo laboriosam hic. Quia quasi expedita et tenetur eum illum a.'),
	(240, 38, 1, '2024-01-27 04:56:13', '2024-04-29 18:48:04', '2024-04-29 18:48:04', NULL, 'Restaurant Cook', 'Odio natus excepturi unde et id et. Necessitatibus nihil harum voluptatem ullam. Itaque iusto asperiores excepturi fugit voluptatem.'),
	(241, 73, 0, '2024-03-31 04:17:30', '2024-04-29 18:48:04', '2024-04-29 18:48:04', NULL, 'Excavating Machine Operator', 'Officiis autem quae provident natus. Magnam quo dicta neque cumque. Porro id blanditiis occaecati in quia commodi explicabo.'),
	(242, 165, 1, '2024-02-25 17:51:08', '2024-04-29 18:48:04', '2024-04-29 18:48:04', NULL, 'Horticultural Worker', 'Animi aspernatur error porro ex non sapiente. Sapiente neque nobis omnis at excepturi.'),
	(243, 176, 1, '2024-03-29 22:28:24', '2024-04-29 18:48:04', '2024-04-29 18:48:04', NULL, 'Pump Operators', 'Voluptas repudiandae libero voluptatum natus porro cum. Voluptates explicabo sed corporis inventore saepe est. Cumque dolor necessitatibus voluptate cupiditate. Consequatur corporis amet eius aut cumque quidem.'),
	(244, 124, 0, '2024-04-07 20:27:36', '2024-04-29 18:48:04', '2024-04-29 18:48:04', NULL, 'Emergency Medical Technician and Paramedic', 'Id sint iste atque consequatur at doloribus perferendis ut. Ratione ut nihil earum neque voluptatem qui. Atque sed fugit est ipsum nisi maiores aliquid.'),
	(245, 47, 1, '2024-01-24 11:30:21', '2024-04-29 18:48:04', '2024-04-29 18:48:04', NULL, 'Marriage and Family Therapist', 'Expedita repellat dignissimos molestiae. Quibusdam voluptatibus architecto assumenda sint quis molestias harum. Placeat ut officiis animi eos expedita ab. Neque voluptatem esse alias quia est.'),
	(246, 93, 0, '2024-01-12 03:48:28', '2024-04-29 18:48:04', '2024-04-29 18:48:04', NULL, 'Hand Trimmer', 'Vitae cum saepe culpa ipsam repellendus deleniti velit voluptates. Odio ea sed ab. Aut aut beatae animi consectetur natus id aut. Cumque illum maiores aut molestias.'),
	(247, 119, 1, '2024-02-17 01:33:44', '2024-04-29 18:48:04', '2024-04-29 18:48:04', NULL, 'Compliance Officers', 'Sint dolorem aut sint cupiditate autem. Et sint incidunt pariatur distinctio corporis. Id incidunt sunt ab eum sed amet.'),
	(248, 149, 1, '2024-01-29 20:52:33', '2024-04-29 18:48:04', '2024-04-29 18:48:04', NULL, 'Massage Therapist', 'Qui cupiditate nihil ex deleniti tenetur qui. Laboriosam qui aliquid dolorum aut quae ut assumenda. Similique voluptatum voluptatibus quos et labore praesentium consequatur. Sunt molestias at vero est.'),
	(249, 111, 0, '2024-04-22 06:04:55', '2024-04-29 18:48:04', '2024-04-29 18:48:04', NULL, 'Hand Trimmer', 'Eaque impedit minima alias iure voluptatem nihil et vel. Et fuga quis quia consequatur quisquam dolorum. Consequuntur doloribus qui iusto et. Ea a expedita soluta magnam.'),
	(250, 128, 1, '2024-01-07 00:06:23', '2024-04-29 18:48:04', '2024-04-29 18:48:04', NULL, 'Postmasters', 'Quod est magni dicta est aut distinctio aliquam. Et reprehenderit corrupti nostrum. Quod occaecati eaque veritatis vel aperiam. Facere odit vitae et totam. Porro corporis delectus assumenda reprehenderit dolores.'),
	(251, 38, 1, '2024-01-07 00:12:49', '2024-04-29 18:48:04', '2024-04-29 18:48:04', NULL, 'Manager of Food Preparation', 'Consectetur odit in nesciunt sit non non odio. Ex eaque voluptatem deserunt nam et distinctio quia libero. Itaque architecto quae consequuntur itaque eligendi. At magni illo unde sit et illum aspernatur. Debitis omnis aut distinctio quos adipisci.'),
	(252, 157, 1, '2024-04-11 08:56:15', '2024-04-29 18:48:04', '2024-04-29 18:48:04', NULL, 'Aircraft Mechanics OR Aircraft Service Technician', 'Est nemo et id quibusdam voluptate. Dicta enim eum error. Architecto ad quam vel dolores nesciunt accusantium.'),
	(253, 196, 1, '2024-04-17 17:08:04', '2024-04-29 18:48:04', '2024-04-29 18:48:04', NULL, 'Computer Systems Analyst', 'Magnam est ab ut id est numquam molestiae. Fugit quasi voluptatem sit veritatis sunt ex dolores omnis. Dolore in cum possimus laborum expedita cum impedit.'),
	(254, 118, 0, '2024-03-29 15:43:01', '2024-04-29 18:48:04', '2024-04-29 18:48:04', NULL, 'Carpenter', 'Iusto et laboriosam earum qui. Sunt sapiente quod est nisi sint ut dignissimos. Ut temporibus ea non impedit libero. Molestiae aut ipsam eveniet.'),
	(255, 150, 0, '2024-03-20 22:47:06', '2024-04-29 18:48:04', '2024-04-29 18:48:04', NULL, 'Locomotive Firer', 'Doloribus suscipit ratione odit et non ea. Vitae et repellat occaecati consectetur. Sit ducimus et quia ullam amet similique laborum.'),
	(257, 162, 1, '2024-04-01 06:47:39', '2024-04-29 18:48:05', '2024-04-29 18:48:05', NULL, 'Corporate Trainer', 'Suscipit quae sed eligendi eum corporis voluptatum reprehenderit labore. Doloribus exercitationem fuga rerum est nisi sit ea quaerat. Nulla dignissimos corrupti consequatur possimus nemo voluptas. Suscipit fuga accusantium accusamus sapiente vel.'),
	(258, 118, 1, '2024-03-12 16:56:40', '2024-04-29 18:48:05', '2024-04-29 18:48:05', NULL, 'Animal Control Worker', 'Veniam repellendus et voluptatibus rem expedita alias est. Reprehenderit minus omnis veniam reiciendis architecto. Eum doloribus assumenda dicta beatae enim dolore. Odio eos rerum dolor.'),
	(259, 70, 0, '2024-04-26 23:10:46', '2024-04-29 18:48:05', '2024-04-29 18:48:05', NULL, 'Accountant', 'Vero ab et nostrum placeat fuga. Nemo eius dolores omnis voluptas rerum. Ut placeat ut nobis et mollitia praesentium. Dolor ut in perferendis est quibusdam.'),
	(260, 12, 0, '2024-02-25 12:44:03', '2024-04-29 18:48:05', '2024-04-29 18:48:05', NULL, 'Marine Cargo Inspector', 'Ducimus praesentium nihil ipsam doloribus expedita. Dolorum voluptatum doloribus itaque quia quia ratione aut. Dolores dolore delectus distinctio qui. Mollitia explicabo nam pariatur corporis enim itaque repellat repudiandae.'),
	(261, 109, 0, '2024-03-06 15:40:09', '2024-04-29 18:48:05', '2024-04-29 18:48:05', NULL, 'Chef', 'Praesentium et voluptas repellat magnam omnis. Voluptas odit hic voluptatem enim fugiat. Maxime ut tempore ex accusamus non ut incidunt nostrum.'),
	(262, 13, 1, '2024-03-16 02:11:40', '2024-04-29 18:48:05', '2024-04-29 18:48:05', NULL, 'Library Science Teacher', 'Error debitis dicta qui quos beatae rerum. Nesciunt adipisci non enim a vero. Eum aliquam et omnis voluptatem cumque. Ut omnis consequuntur iure sit aut nihil quae fugit.'),
	(263, 172, 0, '2024-02-02 16:19:49', '2024-04-29 18:48:05', '2024-04-29 18:48:05', NULL, 'Baker', 'Ipsam perspiciatis velit vel vel minima reprehenderit ut. Temporibus corrupti commodi nihil aut numquam molestiae consequatur. In quis aliquid tempore ab quia at.'),
	(264, 83, 1, '2024-04-24 15:14:49', '2024-04-29 18:48:05', '2024-04-29 18:48:05', NULL, 'Anthropologist', 'Sed neque aliquam recusandae perferendis in blanditiis vel. Quia atque qui sunt id exercitationem porro. Expedita quasi illum eos quibusdam quos possimus.'),
	(265, 81, 1, '2024-02-21 06:25:44', '2024-04-29 18:48:05', '2024-04-29 18:48:05', NULL, 'Recyclable Material Collector', 'Ducimus quia facere et aut cupiditate velit. Dolorem dolorem ullam eveniet aliquam delectus. Necessitatibus eos et harum quos eos.'),
	(266, 162, 1, '2024-02-27 18:12:22', '2024-04-29 18:48:05', '2024-04-29 18:48:05', NULL, 'Tax Preparer', 'Tenetur est illum quis quibusdam. Est eos voluptatem consequatur aliquid debitis unde enim. Et in vitae rerum explicabo et inventore amet asperiores.'),
	(267, 118, 0, '2024-03-10 20:17:03', '2024-04-29 18:48:05', '2024-04-29 18:48:05', NULL, 'Engineering', 'Facilis numquam cumque non placeat ex perspiciatis. Sed et soluta dolores voluptatum voluptatem eos. Illo sed aut sed illo autem pariatur. Officiis quibusdam ratione nobis cumque impedit magnam est.'),
	(268, 101, 1, '2024-01-14 16:40:34', '2024-04-29 18:48:05', '2024-04-29 18:48:05', NULL, 'Protective Service Worker', 'Omnis occaecati similique aliquam. Tempora tempore amet sed eum et quo sunt et. Aliquid qui voluptatem rerum est quia. Temporibus maiores esse deserunt dolor. Blanditiis nihil dignissimos aliquid maxime.'),
	(269, 139, 1, '2024-02-16 18:04:13', '2024-04-29 18:48:05', '2024-04-29 18:48:05', NULL, 'Admin', 'Amet inventore omnis maxime. Architecto aperiam velit eaque quibusdam. Est enim a cupiditate temporibus. Accusantium et fuga necessitatibus repudiandae iure et.'),
	(270, 51, 1, '2024-01-20 07:31:18', '2024-04-29 18:48:05', '2024-04-29 18:48:05', NULL, 'Locomotive Firer', 'Id et aut inventore magnam consequatur possimus consequuntur. Delectus impedit aut est voluptatem. Velit nam recusandae optio id illo magnam illo. Qui fugiat nihil in autem cupiditate repudiandae et culpa.'),
	(274, 148, 1, '2024-02-07 00:57:55', '2024-04-29 18:48:09', '2024-04-29 18:48:09', NULL, 'Singer', 'Ad nostrum numquam dolorem laborum autem aut in. Placeat sunt qui animi corrupti.'),
	(275, 59, 1, '2024-03-08 01:33:55', '2024-04-29 18:48:09', '2024-04-29 18:48:09', NULL, 'Probation Officers and Correctional Treatment Specialist', 'Quidem eum eius non. Praesentium ut natus eos.'),
	(276, 103, 0, '2024-03-05 19:35:29', '2024-04-29 18:48:09', '2024-04-29 18:48:09', NULL, 'Industrial Safety Engineer', 'Et et provident voluptas. Voluptas voluptatem aspernatur fugit tempora amet aspernatur. Sint aperiam molestiae dignissimos architecto.'),
	(277, 154, 0, '2024-01-12 13:17:44', '2024-04-29 18:48:09', '2024-04-29 18:48:09', NULL, 'Traffic Technician', 'Cumque vitae cupiditate non repellat beatae. Soluta et soluta dolorem earum aut totam omnis. Aut ab sint et eius quia architecto.'),
	(279, 127, 0, '2024-01-31 00:55:04', '2024-04-29 18:48:10', '2024-04-29 18:48:10', NULL, 'Coating Machine Operator', 'Doloremque veniam voluptate sunt iusto. Rerum earum dolores expedita ea sunt delectus quasi. Non consequuntur quis eum quod vel aut voluptas doloribus. Voluptatem cupiditate quis et dignissimos.'),
	(280, 167, 0, '2024-02-06 12:07:35', '2024-04-29 18:48:10', '2024-04-29 18:48:10', NULL, 'Civil Drafter', 'Voluptatem ullam neque perferendis dolorem omnis voluptatum sint laborum. Sit enim alias dolorem voluptate. Fugit qui et vitae temporibus ut sit at.'),
	(281, 159, 1, '2024-02-06 01:05:26', '2024-04-29 18:48:10', '2024-04-29 18:48:10', NULL, 'Desktop Publisher', 'In aut quos ipsum aut. Id cumque corrupti saepe necessitatibus voluptatibus voluptatem. Et dolorem quia et facilis soluta ut.'),
	(282, 170, 0, '2024-02-01 17:12:17', '2024-04-29 18:48:10', '2024-04-29 18:48:10', NULL, 'Nursing Instructor', 'Impedit pariatur quae pariatur sed delectus. Eos assumenda sequi alias ullam molestias. Sequi suscipit sint ea corrupti vitae voluptatem accusamus. Labore officia dolorem at sit facere consequatur qui.'),
	(283, 108, 1, '2024-04-25 04:41:43', '2024-04-29 18:48:10', '2024-04-29 18:48:10', NULL, 'Municipal Court Clerk', 'Magni quas a vel quia. Voluptas est mollitia sint error sequi qui. Commodi sed eos laboriosam quia sed ad sit. Qui reprehenderit similique veritatis.'),
	(284, 114, 1, '2024-03-24 09:19:07', '2024-04-29 18:48:10', '2024-04-29 18:48:10', NULL, 'Nuclear Engineer', 'Odio dignissimos quia velit repellendus. Cumque autem in numquam sunt qui.'),
	(285, 44, 1, '2024-02-05 16:22:40', '2024-04-29 18:48:10', '2024-04-29 18:48:10', NULL, 'Ticket Agent', 'Architecto nesciunt veniam eos adipisci voluptates aut provident. Qui autem nisi earum deserunt temporibus. Voluptatem accusantium dicta est ipsa minima aliquid. Cum iste dolorem minima ut et.'),
	(286, 15, 1, '2024-02-17 09:16:36', '2024-04-29 18:48:10', '2024-04-29 18:48:10', NULL, 'Composer', 'Eos libero voluptas rerum beatae. Nulla incidunt deleniti nihil numquam. Ut id ad sed optio laborum non praesentium beatae. Quam minus quis repudiandae autem at.'),
	(287, 77, 1, '2024-03-08 02:21:13', '2024-04-29 18:48:10', '2024-04-29 18:48:10', NULL, 'Electrotyper', 'Blanditiis non illum suscipit molestiae blanditiis voluptate et. Perspiciatis autem vitae voluptatem temporibus ullam neque. Quis et qui vel et ipsam deleniti.'),
	(288, 102, 0, '2024-04-10 12:05:01', '2024-04-29 18:48:10', '2024-04-29 18:48:10', NULL, 'Roustabouts', 'Omnis consequuntur totam est mollitia repudiandae est sunt. Velit qui velit esse nulla iusto dolor ex et. Est laboriosam consequuntur qui ut. Sed magni et laborum ipsa est voluptates placeat.'),
	(289, 80, 0, '2024-03-29 16:35:53', '2024-04-29 18:48:10', '2024-04-29 18:48:10', NULL, 'Network Systems Analyst', 'Animi voluptas dolores omnis doloremque. Eligendi libero repudiandae aut qui. Omnis aut quam pariatur et. Nisi assumenda dolor architecto optio ex et hic rerum. Eveniet illum dignissimos dolorum harum.'),
	(290, 103, 1, '2024-03-09 03:23:02', '2024-04-29 18:48:11', '2024-04-29 18:48:11', NULL, 'Ceiling Tile Installer', 'Exercitationem aliquid ut fugit necessitatibus aut. Iusto cupiditate voluptatem doloribus consequatur saepe nam ut eaque. Nihil sed explicabo iste dolore deleniti illo. Voluptas aut optio sit saepe.'),
	(291, 38, 1, '2024-03-19 06:58:08', '2024-04-29 18:48:11', '2024-04-29 18:48:11', NULL, 'Explosives Expert', 'Labore voluptatem porro sed quis est quos et. Debitis est dolorem iure nobis ducimus.'),
	(292, 53, 1, '2024-04-15 17:16:52', '2024-04-29 18:48:11', '2024-04-29 18:48:11', NULL, 'Interviewer', 'Omnis vero pariatur facere omnis ex deleniti accusamus. Dolores officiis rerum odio molestias. Molestiae sit repudiandae ipsum temporibus vel quas ipsam. Quisquam sit veritatis beatae in quibusdam. Et et neque accusamus a consequatur ullam distinctio sunt.'),
	(293, 119, 0, '2024-01-30 00:40:44', '2024-04-29 18:48:11', '2024-04-29 18:48:11', NULL, 'Veterinary Assistant OR Laboratory Animal Caretaker', 'Itaque quidem quia quia omnis velit numquam. Enim eligendi esse vitae culpa accusantium molestias. Quidem architecto atque dolorum.'),
	(294, 95, 0, '2024-02-18 18:14:24', '2024-04-29 18:48:11', '2024-04-29 18:48:11', NULL, 'Sociology Teacher', 'Qui est doloremque corrupti recusandae culpa nihil natus. Iure sint modi eaque eaque numquam. Facilis officia ut eos culpa dolor. Error minus soluta assumenda ipsa totam omnis magni.');

-- Listage de la structure de table carmaintain. reviews
CREATE TABLE IF NOT EXISTS `reviews` (
  `id` bigint unsigned NOT NULL AUTO_INCREMENT,
  `device_id` bigint unsigned DEFAULT NULL,
  `rate` decimal(2,1) DEFAULT NULL,
  `created_at` timestamp NULL DEFAULT NULL,
  `updated_at` timestamp NULL DEFAULT NULL,
  PRIMARY KEY (`id`),
  KEY `reviews_device_id_foreign` (`device_id`),
  CONSTRAINT `reviews_device_id_foreign` FOREIGN KEY (`device_id`) REFERENCES `devices` (`id`) ON DELETE CASCADE ON UPDATE CASCADE
) ENGINE=InnoDB AUTO_INCREMENT=16 DEFAULT CHARSET=utf8mb4 COLLATE=utf8mb4_unicode_ci;

-- Listage des données de la table carmaintain.reviews : ~0 rows (environ)
INSERT INTO `reviews` (`id`, `device_id`, `rate`, `created_at`, `updated_at`) VALUES
	(15, 31, 4.0, '2024-04-29 17:46:08', '2024-04-29 17:46:08');

-- Listage de la structure de table carmaintain. schedules
CREATE TABLE IF NOT EXISTS `schedules` (
  `id` bigint unsigned NOT NULL AUTO_INCREMENT,
  `title` varchar(255) COLLATE utf8mb4_unicode_ci NOT NULL,
  `description` text COLLATE utf8mb4_unicode_ci,
  `start_date` date NOT NULL,
  `end_date` date DEFAULT NULL,
  `user_id` bigint unsigned DEFAULT NULL,
  `purchase_id` bigint unsigned DEFAULT NULL,
  `created_at` timestamp NULL DEFAULT NULL,
  `updated_at` timestamp NULL DEFAULT NULL,
  PRIMARY KEY (`id`),
  KEY `schedules_purchase_id_foreign` (`purchase_id`),
  KEY `schedules_user_id_foreign` (`user_id`),
  CONSTRAINT `schedules_purchase_id_foreign` FOREIGN KEY (`purchase_id`) REFERENCES `purchases` (`id`) ON DELETE CASCADE ON UPDATE CASCADE,
  CONSTRAINT `schedules_user_id_foreign` FOREIGN KEY (`user_id`) REFERENCES `users` (`id`) ON DELETE CASCADE ON UPDATE CASCADE
) ENGINE=InnoDB AUTO_INCREMENT=50 DEFAULT CHARSET=utf8mb4 COLLATE=utf8mb4_unicode_ci;

-- Listage des données de la table carmaintain.schedules : ~0 rows (environ)
INSERT INTO `schedules` (`id`, `title`, `description`, `start_date`, `end_date`, `user_id`, `purchase_id`, `created_at`, `updated_at`) VALUES
	(48, 'Schedule Device:36', 'Device:Window Switch Door Lock Front Driver Side with Mirror Switch', '2024-04-29', '2024-05-02', 67, 46, '2024-04-29 17:47:59', '2024-04-29 17:47:59'),
	(49, 'Schedule Device:34', 'Device:Touch Screen Entertainment System AC ControlzC', '2024-04-29', '2024-05-02', 67, 47, '2024-04-29 17:48:06', '2024-04-29 17:48:06');

-- Listage de la structure de table carmaintain. services
CREATE TABLE IF NOT EXISTS `services` (
  `id` bigint unsigned NOT NULL AUTO_INCREMENT,
  `name` varchar(255) COLLATE utf8mb4_unicode_ci NOT NULL,
  `description` text COLLATE utf8mb4_unicode_ci,
  `route` varchar(255) COLLATE utf8mb4_unicode_ci DEFAULT NULL,
  `created_at` timestamp NULL DEFAULT NULL,
  `updated_at` timestamp NULL DEFAULT NULL,
  PRIMARY KEY (`id`)
) ENGINE=InnoDB AUTO_INCREMENT=20 DEFAULT CHARSET=utf8mb4 COLLATE=utf8mb4_unicode_ci;

-- Listage des données de la table carmaintain.services : ~9 rows (environ)
INSERT INTO `services` (`id`, `name`, `description`, `route`, `created_at`, `updated_at`) VALUES
	(1, 'Basic Maintenance Tracking', 'Effortlessly track and manage your car maintenance schedule. Receive timely reminders for oil changes, inspections, and more.', 'basic-maintenance', '2024-02-15 18:31:37', '2024-02-15 18:31:37'),
	(4, 'Car Analytics', 'Gain insights into your car\'s performance with detailed analytics. Track fuel efficiency, mileage, and overall health of your vehicle.', 'car-analytics', '2024-02-15 18:48:47', '2024-02-15 18:48:47'),
	(5, 'Connected Services', 'Connect with partnered auto repair shops for seamless service appointments. Receive exclusive discounts and priority service.', 'connected-services', '2024-02-15 18:48:47', '2024-02-15 18:48:47'),
	(7, 'Full Maintenance Suite', 'Unlock the full potential of our maintenance suite. Enjoy advanced features, priority support, and exclusive benefits.', 'full-maintenance-suite', '2024-02-15 18:48:47', '2024-02-15 18:48:47'),
	(8, 'Customizable Maintenance Schedules', 'Tailor your car maintenance schedules to fit your unique needs. Set personalized intervals for services and inspections.', 'customizable-maintenance-schedules', '2024-02-15 18:48:47', '2024-02-15 18:48:47'),
	(10, 'Priority Customer Support', 'Experience top-notch customer support with our priority service for any queries or assistance you may need.', 'priority-customer-support', '2024-02-15 18:48:47', '2024-02-15 18:48:47'),
	(14, 'Coinsystem', 'exp engagement', 'coin-system', '2024-03-08 12:05:07', '2024-03-08 12:05:07'),
	(15, 'JobApplications', 'list of client, and employees application for role, action, features', 'application-list', '2024-03-09 15:22:41', '2024-03-09 15:22:42'),
	(16, 'Dashboard', 'user interface Dashboard and elements', 'dashboard', '2024-03-13 22:28:57', '2024-03-13 22:28:58'),
	(18, 'LeaderBoard', 'display users earning points', 'leaderboard', '2024-03-25 20:28:32', '2024-03-25 20:33:09'),
	(19, 'Unity Data Monitoring', 'track unity client services, vehicle, devices', 'data-monitoring', '2024-04-13 19:19:39', '2024-04-13 19:19:39');

-- Listage de la structure de table carmaintain. userexpcoin
CREATE TABLE IF NOT EXISTS `userexpcoin` (
  `id` bigint unsigned NOT NULL AUTO_INCREMENT,
  `created_at` timestamp NULL DEFAULT NULL,
  `updated_at` timestamp NULL DEFAULT NULL,
  `user_id` bigint unsigned DEFAULT NULL,
  `experience` int DEFAULT NULL,
  `coins` int DEFAULT NULL,
  PRIMARY KEY (`id`),
  KEY `user_id` (`user_id`),
  CONSTRAINT `FK_userexpcoin_users` FOREIGN KEY (`user_id`) REFERENCES `users` (`id`) ON DELETE CASCADE ON UPDATE CASCADE
) ENGINE=InnoDB AUTO_INCREMENT=210 DEFAULT CHARSET=utf8mb4 COLLATE=utf8mb4_unicode_ci;

-- Listage des données de la table carmaintain.userexpcoin : ~3 rows (environ)
INSERT INTO `userexpcoin` (`id`, `created_at`, `updated_at`, `user_id`, `experience`, `coins`) VALUES
	(13, '2024-04-29 14:41:29', '2024-04-29 18:53:16', 12, 30, 30),
	(14, '2024-04-29 14:41:29', '2024-04-29 14:41:29', 13, 0, 0),
	(15, '2024-04-29 14:41:29', '2024-04-29 14:41:29', 14, 0, 0),
	(16, '2024-04-29 14:53:54', '2024-04-29 14:53:54', 15, 0, 0),
	(17, '2024-04-29 17:37:43', '2024-04-29 17:37:43', 36, 0, 0),
	(18, '2024-04-29 17:37:43', '2024-04-29 17:37:43', 37, 0, 0),
	(19, '2024-04-29 17:37:43', '2024-04-29 17:37:43', 38, 0, 0),
	(20, '2024-04-29 17:37:43', '2024-04-29 17:37:43', 39, 0, 0),
	(21, '2024-04-29 17:37:43', '2024-04-29 17:37:43', 40, 0, 0),
	(22, '2024-04-29 17:37:43', '2024-04-29 17:37:43', 41, 0, 0),
	(23, '2024-04-29 17:37:43', '2024-04-29 17:37:43', 42, 0, 0),
	(24, '2024-04-29 17:37:43', '2024-04-29 17:37:43', 43, 0, 0),
	(25, '2024-04-29 17:37:43', '2024-04-29 17:37:43', 44, 0, 0),
	(26, '2024-04-29 17:37:43', '2024-04-29 17:37:43', 45, 0, 0),
	(27, '2024-04-29 17:37:43', '2024-04-29 17:37:43', 46, 0, 0),
	(28, '2024-04-29 17:37:43', '2024-04-29 17:37:43', 47, 0, 0),
	(29, '2024-04-29 17:37:43', '2024-04-29 17:37:43', 48, 0, 0),
	(30, '2024-04-29 17:37:43', '2024-04-29 17:37:43', 49, 0, 0),
	(31, '2024-04-29 17:37:43', '2024-04-29 17:37:43', 50, 0, 0),
	(32, '2024-04-29 17:37:43', '2024-04-29 17:37:43', 51, 0, 0),
	(33, '2024-04-29 17:37:43', '2024-04-29 17:37:43', 52, 0, 0),
	(34, '2024-04-29 17:37:43', '2024-04-29 17:37:43', 53, 0, 0),
	(35, '2024-04-29 17:37:43', '2024-04-29 17:37:43', 54, 0, 0),
	(36, '2024-04-29 17:37:43', '2024-04-29 17:37:43', 55, 0, 0),
	(37, '2024-04-29 17:37:43', '2024-04-29 17:37:43', 56, 0, 0),
	(38, '2024-04-29 17:37:43', '2024-04-29 17:37:43', 57, 0, 0),
	(39, '2024-04-29 17:37:43', '2024-04-29 17:37:43', 58, 0, 0),
	(40, '2024-04-29 17:37:43', '2024-04-29 17:37:43', 59, 0, 0),
	(41, '2024-04-29 17:37:43', '2024-04-29 17:37:43', 60, 0, 0),
	(42, '2024-04-29 17:37:43', '2024-04-29 17:37:43', 61, 0, 0),
	(43, '2024-04-29 17:37:43', '2024-04-29 17:37:43', 62, 0, 0),
	(44, '2024-04-29 17:37:43', '2024-04-29 17:37:43', 63, 0, 0),
	(45, '2024-04-29 17:37:43', '2024-04-29 17:37:43', 64, 0, 0),
	(46, '2024-04-29 17:37:43', '2024-04-29 17:37:43', 65, 0, 0),
	(47, '2024-04-29 17:37:43', '2024-04-29 17:37:43', 66, 0, 0),
	(48, '2024-04-29 17:37:43', '2024-04-29 17:48:06', 67, 20, 20),
	(49, '2024-04-29 17:37:43', '2024-04-29 17:37:43', 68, 0, 0),
	(50, '2024-04-29 17:37:43', '2024-04-29 17:37:43', 69, 0, 0),
	(51, '2024-04-29 17:37:43', '2024-04-29 17:37:43', 70, 0, 0),
	(52, '2024-04-29 17:37:43', '2024-04-29 17:37:43', 71, 0, 0),
	(53, '2024-04-29 17:37:43', '2024-04-29 17:37:43', 72, 0, 0),
	(54, '2024-04-29 17:37:43', '2024-04-29 17:37:43', 73, 0, 0),
	(55, '2024-04-29 17:37:43', '2024-04-29 17:37:43', 74, 0, 0),
	(56, '2024-04-29 18:55:08', '2024-04-29 18:55:08', 75, 0, 0),
	(57, '2024-04-29 18:55:08', '2024-04-29 18:55:08', 76, 0, 0),
	(58, '2024-04-29 18:55:08', '2024-04-29 18:55:08', 77, 0, 0),
	(59, '2024-04-29 18:55:08', '2024-04-29 18:55:08', 78, 0, 0),
	(60, '2024-04-29 18:55:08', '2024-04-29 18:55:08', 79, 0, 0),
	(61, '2024-04-29 18:55:08', '2024-04-29 18:55:08', 80, 0, 0),
	(62, '2024-04-29 18:55:08', '2024-04-29 18:55:08', 81, 0, 0),
	(63, '2024-04-29 18:55:08', '2024-04-29 18:55:08', 82, 0, 0),
	(64, '2024-04-29 18:55:08', '2024-04-29 18:55:08', 83, 0, 0),
	(65, '2024-04-29 18:55:08', '2024-04-29 18:55:08', 84, 0, 0),
	(66, '2024-04-29 18:55:08', '2024-04-29 18:55:08', 85, 0, 0),
	(67, '2024-04-29 18:55:08', '2024-04-29 18:55:08', 86, 0, 0),
	(68, '2024-04-29 18:55:08', '2024-04-29 18:55:08', 87, 0, 0),
	(69, '2024-04-29 18:55:08', '2024-04-29 18:55:08', 88, 0, 0),
	(70, '2024-04-29 18:55:08', '2024-04-29 18:55:08', 89, 0, 0),
	(71, '2024-04-29 18:55:08', '2024-04-29 18:55:08', 90, 0, 0),
	(72, '2024-04-29 18:55:08', '2024-04-29 18:55:08', 91, 0, 0),
	(73, '2024-04-29 18:55:08', '2024-04-29 18:55:08', 92, 0, 0),
	(74, '2024-04-29 18:55:08', '2024-04-29 18:55:08', 93, 0, 0),
	(75, '2024-04-29 18:55:08', '2024-04-29 18:55:08', 94, 0, 0),
	(76, '2024-04-29 18:55:08', '2024-04-29 18:55:08', 95, 0, 0),
	(77, '2024-04-29 18:55:08', '2024-04-29 18:55:08', 96, 0, 0),
	(78, '2024-04-29 18:55:08', '2024-04-29 18:55:08', 97, 0, 0),
	(79, '2024-04-29 18:55:08', '2024-04-29 18:55:08', 98, 0, 0),
	(80, '2024-04-29 18:55:08', '2024-04-29 18:55:08', 99, 0, 0),
	(81, '2024-04-29 18:55:08', '2024-04-29 18:55:08', 100, 0, 0),
	(82, '2024-04-29 18:55:08', '2024-04-29 18:55:08', 101, 0, 0),
	(83, '2024-04-29 18:55:08', '2024-04-29 18:55:08', 102, 0, 0),
	(84, '2024-04-29 18:55:08', '2024-04-29 18:55:08', 103, 0, 0),
	(85, '2024-04-29 18:55:08', '2024-04-29 18:55:08', 104, 0, 0),
	(86, '2024-04-29 18:55:08', '2024-04-29 18:55:08', 105, 0, 0),
	(87, '2024-04-29 18:55:08', '2024-04-29 18:55:08', 106, 0, 0),
	(88, '2024-04-29 18:55:08', '2024-04-29 18:55:08', 107, 0, 0),
	(89, '2024-04-29 18:55:08', '2024-04-29 18:55:08', 108, 0, 0),
	(90, '2024-04-29 18:55:08', '2024-04-29 18:55:08', 109, 0, 0),
	(91, '2024-04-29 18:55:08', '2024-04-29 18:55:08', 110, 0, 0),
	(92, '2024-04-29 18:55:08', '2024-04-29 18:55:08', 111, 0, 0),
	(93, '2024-04-29 18:55:08', '2024-04-29 18:55:08', 112, 0, 0),
	(94, '2024-04-29 18:55:08', '2024-04-29 18:55:08', 113, 0, 0),
	(95, '2024-04-29 18:55:08', '2024-04-29 18:55:08', 114, 0, 0),
	(96, '2024-04-29 18:55:08', '2024-04-29 18:55:08', 115, 0, 0),
	(97, '2024-04-29 18:55:08', '2024-04-29 18:55:08', 116, 0, 0),
	(98, '2024-04-29 18:55:08', '2024-04-29 18:55:08', 117, 0, 0),
	(99, '2024-04-29 18:55:08', '2024-04-29 18:55:08', 118, 0, 0),
	(100, '2024-04-29 18:55:08', '2024-04-29 18:55:08', 119, 0, 0),
	(101, '2024-04-29 18:55:08', '2024-04-29 18:55:08', 120, 0, 0),
	(102, '2024-04-29 18:55:08', '2024-04-29 18:55:08', 121, 0, 0),
	(103, '2024-04-29 18:55:08', '2024-04-29 18:55:08', 122, 0, 0),
	(104, '2024-04-29 18:55:08', '2024-04-29 18:55:08', 123, 0, 0),
	(105, '2024-04-29 18:55:08', '2024-04-29 18:55:08', 124, 0, 0),
	(106, '2024-04-29 18:55:08', '2024-04-29 18:55:08', 125, 0, 0),
	(107, '2024-04-29 18:55:08', '2024-04-29 18:55:08', 126, 0, 0),
	(108, '2024-04-29 18:55:08', '2024-04-29 18:55:08', 127, 0, 0),
	(109, '2024-04-29 18:55:08', '2024-04-29 18:55:08', 128, 0, 0),
	(110, '2024-04-29 18:55:08', '2024-04-29 18:55:08', 129, 0, 0),
	(111, '2024-04-29 18:55:08', '2024-04-29 18:55:08', 130, 0, 0),
	(112, '2024-04-29 18:55:08', '2024-04-29 18:55:08', 131, 0, 0),
	(113, '2024-04-29 18:55:09', '2024-04-29 18:55:09', 132, 0, 0),
	(114, '2024-04-29 18:55:09', '2024-04-29 18:55:09', 133, 0, 0),
	(115, '2024-04-29 18:55:09', '2024-04-29 18:55:09', 134, 0, 0),
	(116, '2024-04-29 18:55:09', '2024-04-29 18:55:09', 135, 0, 0),
	(117, '2024-04-29 18:55:09', '2024-04-29 18:55:09', 136, 0, 0),
	(118, '2024-04-29 18:55:09', '2024-04-29 18:55:09', 137, 0, 0),
	(119, '2024-04-29 18:55:09', '2024-04-29 18:55:09', 138, 0, 0),
	(120, '2024-04-29 18:55:09', '2024-04-29 18:55:09', 139, 0, 0),
	(121, '2024-04-29 18:55:09', '2024-04-29 18:55:09', 140, 0, 0),
	(122, '2024-04-29 18:55:09', '2024-04-29 18:55:09', 141, 0, 0),
	(123, '2024-04-29 18:55:09', '2024-04-29 18:55:09', 142, 0, 0),
	(124, '2024-04-29 18:55:09', '2024-04-29 18:55:09', 143, 0, 0),
	(125, '2024-04-29 18:55:09', '2024-04-29 18:55:09', 144, 0, 0),
	(126, '2024-04-29 18:55:09', '2024-04-29 18:55:09', 145, 0, 0),
	(127, '2024-04-29 18:55:09', '2024-04-29 18:55:09', 146, 0, 0),
	(128, '2024-04-29 18:55:09', '2024-04-29 18:55:09', 147, 0, 0),
	(129, '2024-04-29 18:55:09', '2024-04-29 18:55:09', 148, 0, 0),
	(130, '2024-04-29 18:55:09', '2024-04-29 18:55:09', 149, 0, 0),
	(131, '2024-04-29 18:55:09', '2024-04-29 18:55:09', 150, 0, 0),
	(132, '2024-04-29 18:55:09', '2024-04-29 18:55:09', 151, 0, 0),
	(133, '2024-04-29 18:55:09', '2024-04-29 18:55:09', 152, 0, 0),
	(134, '2024-04-29 18:55:09', '2024-04-29 18:55:09', 153, 0, 0),
	(135, '2024-04-29 18:55:09', '2024-04-29 18:55:09', 154, 0, 0),
	(136, '2024-04-29 18:55:09', '2024-04-29 18:55:09', 155, 0, 0),
	(137, '2024-04-29 18:55:09', '2024-04-29 18:55:09', 156, 0, 0),
	(138, '2024-04-29 18:55:09', '2024-04-29 18:55:09', 157, 0, 0),
	(139, '2024-04-29 18:55:09', '2024-04-29 18:55:09', 158, 0, 0),
	(140, '2024-04-29 18:55:09', '2024-04-29 18:55:09', 159, 0, 0),
	(141, '2024-04-29 18:55:09', '2024-04-29 18:55:09', 160, 0, 0),
	(142, '2024-04-29 18:55:09', '2024-04-29 18:55:09', 161, 0, 0),
	(143, '2024-04-29 18:55:09', '2024-04-29 18:55:09', 162, 0, 0),
	(144, '2024-04-29 18:55:09', '2024-04-29 18:55:09', 163, 0, 0),
	(145, '2024-04-29 18:55:09', '2024-04-29 18:55:09', 164, 0, 0),
	(146, '2024-04-29 18:55:09', '2024-04-29 18:55:09', 165, 0, 0),
	(147, '2024-04-29 18:55:09', '2024-04-29 18:55:09', 166, 0, 0),
	(148, '2024-04-29 18:55:09', '2024-04-29 18:55:09', 167, 0, 0),
	(149, '2024-04-29 18:55:09', '2024-04-29 18:55:09', 168, 0, 0),
	(150, '2024-04-29 18:55:09', '2024-04-29 18:55:09', 169, 0, 0),
	(151, '2024-04-29 18:55:09', '2024-04-29 18:55:09', 170, 0, 0),
	(152, '2024-04-29 18:55:09', '2024-04-29 18:55:09', 171, 0, 0),
	(153, '2024-04-29 18:55:09', '2024-04-29 18:55:09', 172, 0, 0),
	(154, '2024-04-29 18:55:09', '2024-04-29 18:55:09', 173, 0, 0),
	(155, '2024-04-29 18:55:09', '2024-04-29 18:55:09', 174, 0, 0),
	(156, '2024-04-29 18:55:09', '2024-04-29 18:55:09', 175, 0, 0),
	(157, '2024-04-29 18:55:09', '2024-04-29 18:55:09', 176, 0, 0),
	(158, '2024-04-29 18:55:09', '2024-04-29 18:55:09', 177, 0, 0),
	(159, '2024-04-29 18:55:09', '2024-04-29 18:55:09', 178, 0, 0),
	(160, '2024-04-29 18:55:09', '2024-04-29 18:55:09', 179, 0, 0),
	(161, '2024-04-29 18:55:09', '2024-04-29 18:55:09', 180, 0, 0),
	(162, '2024-04-29 18:55:09', '2024-04-29 18:55:09', 181, 0, 0),
	(163, '2024-04-29 18:55:09', '2024-04-29 18:55:09', 182, 0, 0),
	(164, '2024-04-29 18:55:09', '2024-04-29 18:55:09', 183, 0, 0),
	(165, '2024-04-29 18:55:09', '2024-04-29 18:55:09', 184, 0, 0),
	(166, '2024-04-29 18:55:09', '2024-04-29 18:55:09', 185, 0, 0),
	(167, '2024-04-29 18:55:09', '2024-04-29 18:55:09', 186, 0, 0),
	(168, '2024-04-29 18:55:09', '2024-04-29 18:55:09', 187, 0, 0),
	(169, '2024-04-29 18:55:09', '2024-04-29 18:55:09', 188, 0, 0),
	(170, '2024-04-29 18:55:09', '2024-04-29 18:55:09', 189, 0, 0),
	(171, '2024-04-29 18:55:09', '2024-04-29 18:55:09', 190, 0, 0),
	(172, '2024-04-29 18:55:09', '2024-04-29 18:55:09', 191, 0, 0),
	(173, '2024-04-29 18:55:09', '2024-04-29 18:55:09', 192, 0, 0),
	(174, '2024-04-29 18:55:09', '2024-04-29 18:55:09', 193, 0, 0),
	(175, '2024-04-29 18:55:09', '2024-04-29 18:55:09', 194, 0, 0),
	(176, '2024-04-29 18:55:10', '2024-04-29 18:55:10', 195, 0, 0),
	(177, '2024-04-29 18:55:10', '2024-04-29 18:55:10', 196, 0, 0),
	(178, '2024-04-29 18:55:10', '2024-04-29 18:55:10', 197, 0, 0),
	(179, '2024-04-29 18:55:10', '2024-04-29 18:55:10', 198, 0, 0),
	(180, '2024-04-29 18:55:10', '2024-04-29 18:55:10', 199, 0, 0),
	(181, '2024-04-29 18:55:10', '2024-04-29 18:55:10', 200, 0, 0),
	(182, '2024-04-29 18:55:10', '2024-04-29 18:55:10', 201, 0, 0),
	(183, '2024-04-29 18:55:10', '2024-04-29 18:55:10', 202, 0, 0),
	(184, '2024-04-29 18:55:10', '2024-04-29 18:55:10', 203, 0, 0),
	(185, '2024-04-29 18:55:10', '2024-04-29 18:55:10', 204, 0, 0),
	(186, '2024-04-29 18:55:10', '2024-04-29 18:55:10', 205, 0, 0),
	(187, '2024-04-29 18:55:10', '2024-04-29 18:55:10', 206, 0, 0),
	(188, '2024-04-29 18:55:10', '2024-04-29 18:55:10', 207, 0, 0),
	(189, '2024-04-29 18:55:10', '2024-04-29 18:55:10', 208, 0, 0),
	(190, '2024-04-29 18:55:10', '2024-04-29 18:55:10', 209, 0, 0),
	(191, '2024-04-29 18:55:10', '2024-04-29 18:55:10', 210, 0, 0),
	(192, '2024-04-29 18:55:10', '2024-04-29 18:55:10', 211, 0, 0),
	(193, '2024-04-29 18:55:10', '2024-04-29 18:55:10', 212, 0, 0),
	(194, '2024-04-29 18:55:10', '2024-04-29 18:55:10', 213, 0, 0),
	(195, '2024-04-29 18:55:10', '2024-04-29 18:55:10', 214, 0, 0),
	(196, '2024-04-29 18:55:10', '2024-04-29 18:55:10', 215, 0, 0),
	(197, '2024-04-29 18:55:10', '2024-04-29 18:55:10', 216, 0, 0),
	(198, '2024-04-29 18:55:10', '2024-04-29 18:55:10', 217, 0, 0),
	(199, '2024-04-29 18:55:10', '2024-04-29 18:55:10', 218, 0, 0),
	(200, '2024-04-29 18:55:10', '2024-04-29 18:55:10', 219, 0, 0),
	(201, '2024-04-29 18:55:10', '2024-04-29 18:55:10', 220, 0, 0),
	(202, '2024-04-29 18:55:10', '2024-04-29 18:55:10', 221, 0, 0),
	(203, '2024-04-29 18:55:10', '2024-04-29 18:55:10', 222, 0, 0),
	(204, '2024-04-29 18:55:10', '2024-04-29 18:55:10', 223, 0, 0),
	(205, '2024-04-29 18:55:10', '2024-04-29 18:55:10', 224, 0, 0),
	(206, '2024-04-29 18:55:10', '2024-04-29 18:55:10', 225, 0, 0),
	(207, '2024-04-29 18:55:10', '2024-04-29 18:55:10', 226, 0, 0),
	(208, '2024-04-29 18:55:10', '2024-04-29 18:55:10', 227, 0, 0),
	(209, '2024-04-29 18:55:10', '2024-04-29 18:55:10', 228, 0, 0);

-- Listage de la structure de table carmaintain. users
CREATE TABLE IF NOT EXISTS `users` (
  `id` bigint unsigned NOT NULL AUTO_INCREMENT,
  `name` varchar(255) COLLATE utf8mb4_unicode_ci NOT NULL,
  `email` varchar(255) COLLATE utf8mb4_unicode_ci NOT NULL,
  `role` varchar(255) CHARACTER SET utf8mb4 COLLATE utf8mb4_unicode_ci DEFAULT NULL,
  `email_verified_at` timestamp NULL DEFAULT NULL,
  `password` varchar(255) COLLATE utf8mb4_unicode_ci NOT NULL,
  `remember_token` varchar(100) COLLATE utf8mb4_unicode_ci DEFAULT NULL,
  `created_at` timestamp NULL DEFAULT NULL,
  `updated_at` timestamp NULL DEFAULT NULL,
  PRIMARY KEY (`id`),
  UNIQUE KEY `users_email_unique` (`email`)
) ENGINE=InnoDB AUTO_INCREMENT=229 DEFAULT CHARSET=utf8mb4 COLLATE=utf8mb4_unicode_ci;

-- Listage des données de la table carmaintain.users : ~2 rows (environ)
INSERT INTO `users` (`id`, `name`, `email`, `role`, `email_verified_at`, `password`, `remember_token`, `created_at`, `updated_at`) VALUES
	(12, 'AdminAccount', 'garrach76@gmail.com', 'admin', NULL, '$2y$12$lFcDkrM/JVt39p6Gvanutu2wnttrXdvq24FYVzKvrDJgunwjBOH2q', NULL, '2024-03-19 17:58:29', '2024-03-19 17:58:29'),
	(13, 'ClientAccount', 'clientaccount@gmail.com', 'client', NULL, '$2y$12$ke/GLijSB7RIcgN1HydQL.UcGmrnKmbYj8m6bR4F.ZuUbDEgMUgLe', '8lKhANgEKcWGYQlygJND6stBlTNtxQPb8PYSjUKJ6JtOCx95nALTcD2Z4YBY', '2024-03-19 18:04:19', '2024-04-28 14:22:48'),
	(14, 'EmployeeAccount', 'employeeaccount@gmail.com', 'employee', NULL, '$2y$12$PnSJWxZeqIRavH9v0mPbXe.3Kd2/hAvMkc.dkOUh2Js6kYaKllqCa', NULL, '2024-03-21 18:32:29', '2024-03-21 19:11:02'),
	(15, 'leaderBoard', 'any@gomail.com', 'client', NULL, '$2y$12$clrVBQcnqPlf4lzjKNiq3.YhChCs.7IjCI165x9arDRRN54cCKIiW', NULL, '2024-04-29 14:53:52', '2024-04-29 14:53:52'),
	(36, 'User1', 'user1@example.com', 'client', NULL, '$2y$12$lm7.TpAOO229zPoyurUIj.K7an4C7T/qFntxhahfxLrd6kOgU4khG', NULL, '2024-04-29 17:36:30', '2024-04-29 17:36:30'),
	(37, 'User2', 'user2@example.com', 'client', NULL, '$2y$12$oB.KyKzKO.4ktwS2dVzjy.hrGW5ogW4Tc7lKQerN1L7oQHa.K06Zy', NULL, '2024-04-29 17:36:31', '2024-04-29 17:36:31'),
	(38, 'User3', 'user3@example.com', 'client', NULL, '$2y$12$g.zoaL/4SfHB9nZ1afduyersfXXsEKLrqxxTc3B2gmJVbgxDdKu7C', NULL, '2024-04-29 17:36:31', '2024-04-29 17:36:31'),
	(39, 'User4', 'user4@example.com', 'client', NULL, '$2y$12$Q.4InMQ8WOEbw48NeH.rcOgYR4uEu.HqFs/IwQENrJMcrCwQbtC8q', NULL, '2024-04-29 17:36:31', '2024-04-29 17:36:31'),
	(40, 'User5', 'user5@example.com', 'client', NULL, '$2y$12$RbGMlufsDTAcJObRAaYYPeOM6Str80.zbTNYCKk3i11mQcpB1gvTK', NULL, '2024-04-29 17:36:32', '2024-04-29 17:36:32'),
	(41, 'User6', 'user6@example.com', 'client', NULL, '$2y$12$ETLj.bDxYDW3POic9HZyaOwVdTn1m3eZWmrZzKLY.kgLSyjHeUu1C', NULL, '2024-04-29 17:36:32', '2024-04-29 17:36:32'),
	(42, 'User7', 'user7@example.com', 'client', NULL, '$2y$12$y3mQkQ2MW4XLkN4hLkidQeNMBIKNZI.5RNeoCHJhuKkAGLhSAiBqq', NULL, '2024-04-29 17:36:32', '2024-04-29 17:36:32'),
	(43, 'User8', 'user8@example.com', 'client', NULL, '$2y$12$nuQqWo17M.ZdFUb8PbIcA.75Ku4hPka26LzIup1jGwp6n4oHSWYja', NULL, '2024-04-29 17:36:33', '2024-04-29 17:36:33'),
	(44, 'User9', 'user9@example.com', 'client', NULL, '$2y$12$QqQG/DyVy97emN6XIncv9.v3SFimvbCAT3e6gG2vPM0hA3UsOCeGy', NULL, '2024-04-29 17:36:33', '2024-04-29 17:36:33'),
	(45, 'User10', 'user10@example.com', 'client', NULL, '$2y$12$g0dc.JMW7HWlF5air5nD5etELaiX9HcciBG8aTE1ELqq6vbGQoG0u', NULL, '2024-04-29 17:36:33', '2024-04-29 17:36:33'),
	(46, 'User11', 'user11@example.com', 'client', NULL, '$2y$12$pJK0sMS5mJhskWIj2gotwudijiHKVq/aWKDHaWukqkdQQBIzElAsW', NULL, '2024-04-29 17:36:34', '2024-04-29 17:36:34'),
	(47, 'User12', 'user12@example.com', 'client', NULL, '$2y$12$5BEPyPkO7BOT8P1ocr7V4uQGlVnH3cJElgtm2z3sPLBkk7144Hwt.', NULL, '2024-04-29 17:36:34', '2024-04-29 17:36:34'),
	(48, 'User13', 'user13@example.com', 'client', NULL, '$2y$12$SHuGLvtrnbaT7AJ.hlqSXOPPhJtMxMmgkcuxbdiWGed2kWGd3Pmhi', NULL, '2024-04-29 17:36:34', '2024-04-29 17:36:34'),
	(49, 'User14', 'user14@example.com', 'client', NULL, '$2y$12$aOst3LpYneqyr/nxCX9S2OrtlrY3SBfoIC/wO3aDzLDWlLPCQQA7K', NULL, '2024-04-29 17:36:35', '2024-04-29 17:36:35'),
	(50, 'User15', 'user15@example.com', 'client', NULL, '$2y$12$hntBe0oGgh6PgqzCuZ0OFumd2v/kFA7Z384rUNR.A6Yz7MZFgecLm', NULL, '2024-04-29 17:36:35', '2024-04-29 17:36:35'),
	(51, 'User16', 'user16@example.com', 'client', NULL, '$2y$12$u8mJ5lByj5YZqDKknrSvUOiiQNu/3/LtCOvwwFjWYQraqX3Ort5yK', NULL, '2024-04-29 17:36:35', '2024-04-29 17:36:35'),
	(52, 'User17', 'user17@example.com', 'client', NULL, '$2y$12$ylEVD5KS3XoNOXwPs.HR4O6csiCFpN6gTn.9JuEICMage7tzZZGoe', NULL, '2024-04-29 17:36:36', '2024-04-29 17:36:36'),
	(53, 'User18', 'user18@example.com', 'client', NULL, '$2y$12$VI/0nWGBjR6Fq2JLWO26BOC5f7jp0P5l/zVl5nxMCPCbyBAqYAN0q', NULL, '2024-04-29 17:36:36', '2024-04-29 17:36:36'),
	(54, 'User19', 'user19@example.com', 'client', NULL, '$2y$12$8PEsREk7VOREJ/mNqgsP..veQq3vgZA.aFZUqN.OwtB8tRZm20hVy', NULL, '2024-04-29 17:36:36', '2024-04-29 17:36:36'),
	(55, 'User20', 'user20@example.com', 'client', NULL, '$2y$12$CD72mgZTUv18OjszUayx4.7TKhWBE4OZhlLmRC9skdGZtVCrDSwQK', NULL, '2024-04-29 17:36:37', '2024-04-29 17:36:37'),
	(56, 'User22', 'user22@example.com', 'client', NULL, '$2y$12$oAan/dSQC/AJib4jk02SKeACooi2a7L.2Q1Jwv7O61snRj4WvD3mC', NULL, '2024-04-29 17:37:03', '2024-04-29 17:37:03'),
	(57, 'User23', 'user23@example.com', 'client', NULL, '$2y$12$vIaP2W8acruQzGPPVKlvAe5Hk03Le7hzXj74ntpSzePW9p6Y/Jro6', NULL, '2024-04-29 17:37:04', '2024-04-29 17:37:04'),
	(58, 'User24', 'user24@example.com', 'client', NULL, '$2y$12$Dfu4TwK4/iQQ/wsIFMQdiuKh7GJsWwopOapSUTX1GDg40qiVYQvba', NULL, '2024-04-29 17:37:04', '2024-04-29 17:37:04'),
	(59, 'User25', 'user25@example.com', 'client', NULL, '$2y$12$FWM/C2B80SsX2pee95r5Ruvt/cEbJHkYGWXQaVciWJl1GpkkS0Vx6', NULL, '2024-04-29 17:37:04', '2024-04-29 17:37:04'),
	(60, 'User26', 'user26@example.com', 'client', NULL, '$2y$12$YB.pFwnk6EIkf1SkQ1uP8OmVQklWK/6hHuvAXYOQHVOxPGfpo.aXu', NULL, '2024-04-29 17:37:05', '2024-04-29 17:37:05'),
	(61, 'User27', 'user27@example.com', 'client', NULL, '$2y$12$NXEYaYlqywytGVYX7swFpu35iB/AES8KTOgLPCCVSC2stewS7/F0G', NULL, '2024-04-29 17:37:05', '2024-04-29 17:37:05'),
	(62, 'User28', 'user28@example.com', 'client', NULL, '$2y$12$0Y4jK7D.2JfeBcZf1/vPBeXQuL9kXWfrbbBp3uRF9l/XwRoRzmX5e', NULL, '2024-04-29 17:37:05', '2024-04-29 17:37:05'),
	(63, 'User29', 'user29@example.com', 'client', NULL, '$2y$12$fMDPWkOmS.l0MoXjSRK4VO1nEd2E.Yuylcbk5rJkuYE7W6Pq4e8vC', NULL, '2024-04-29 17:37:06', '2024-04-29 17:37:06'),
	(64, 'User30', 'user30@example.com', 'client', NULL, '$2y$12$54h6c7sZCEoIpb1VDXx3B.lpVTxBO218d8aKu09tBsPbOktF3JIny', NULL, '2024-04-29 17:37:06', '2024-04-29 17:37:06'),
	(65, 'User31', 'user31@example.com', 'client', NULL, '$2y$12$DkTM8O.fz.bOzMqWGOKZqOZr0wPBhb9q8aLy6.Oc2FcfqUTsK6oR6', NULL, '2024-04-29 17:37:06', '2024-04-29 17:37:06'),
	(66, 'User32', 'user32@example.com', 'client', NULL, '$2y$12$/ucf24cC1DxJ331rKohndOXHBR/It0zTlC4iNSio6bf2oaFhYLrBi', NULL, '2024-04-29 17:37:06', '2024-04-29 17:37:06'),
	(67, 'User33', 'user33@example.com', 'client', NULL, '$2y$12$VSpy64cK4tCpTsF9ResXxOcHFCrgYSFEP1vKM1CkA8W4f4KUU76na', NULL, '2024-04-29 17:37:07', '2024-04-29 17:37:07'),
	(68, 'User34', 'user34@example.com', 'client', NULL, '$2y$12$srfjM0gTmvLi/KkaJzt7ieNaYWbBEjfP6QQhkYXl8k691aJg68TE.', NULL, '2024-04-29 17:37:07', '2024-04-29 17:37:07'),
	(69, 'User35', 'user35@example.com', 'client', NULL, '$2y$12$ZVVjmGrOWwQ7mAH6dgG/qeNhU2jDK.xqBqmttdI4szTta2Ec04in6', NULL, '2024-04-29 17:37:07', '2024-04-29 17:37:07'),
	(70, 'User36', 'user36@example.com', 'client', NULL, '$2y$12$qzmeyRASDDHwreUVAUhqWu9lnEnFgmEt/7UmIGA9MzO7AuQJlWWXi', NULL, '2024-04-29 17:37:08', '2024-04-29 17:37:08'),
	(71, 'User37', 'user37@example.com', 'client', NULL, '$2y$12$p836fyXFFtHR/Tk1YJCupuiXO9N0yPWHt5aPdrKS7wzwai.gEyYMm', NULL, '2024-04-29 17:37:08', '2024-04-29 17:37:08'),
	(72, 'User38', 'user38@example.com', 'client', NULL, '$2y$12$AYhMmOzQ1tURUc9N1euXZOYmc0K6D3UZz3ih320w2ygl31Wzzso5.', NULL, '2024-04-29 17:37:08', '2024-04-29 17:37:08'),
	(73, 'User39', 'user39@example.com', 'client', NULL, '$2y$12$.TbTQoG4jAm2bjqTWVYvHOi2d6SnQcPB511giQcZ4ABgo3pcv6jRq', NULL, '2024-04-29 17:37:09', '2024-04-29 17:37:09'),
	(74, 'User40', 'user40@example.com', 'client', NULL, '$2y$12$t7TChLEFLLQSgvcBP79PUull4Mvz3deanhFIze84rDoSaSoL/0a7y', NULL, '2024-04-29 17:37:09', '2024-04-29 17:37:09'),
	(75, 'User43', 'user43@example.com', 'client', NULL, '$2y$12$7icJ3TmlI3Zu1ts1..9qde0ifSCXuygfWKi8CmiSvsSARpiKzBE3S', NULL, '2024-04-29 17:51:06', '2024-04-29 17:51:06'),
	(76, 'User44', 'user44@example.com', 'client', NULL, '$2y$12$j.910eodXkXG8goVWKnn0.EjXfmc.89r0r54/Or4bHyQaGytAXJYO', NULL, '2024-04-29 17:51:07', '2024-04-29 17:51:07'),
	(77, 'User45', 'user45@example.com', 'client', NULL, '$2y$12$nufIlN5cm1MkCnNhw3368uAsf8NSMacjONbzX2e.MdOHWT0d7LSfK', NULL, '2024-04-29 17:51:07', '2024-04-29 17:51:07'),
	(78, 'User46', 'user46@example.com', 'client', NULL, '$2y$12$CLYz3IRCVcySjJzcP3pxduL4mAYd06vab7clAUzqXtO3wm0zANedi', NULL, '2024-04-29 17:51:07', '2024-04-29 17:51:07'),
	(79, 'User47', 'user47@example.com', 'client', NULL, '$2y$12$hWgjCCIKZwJqOarkdiZ4YO3cj/ELY.FB1pGh8//78fXdE3pyELVBC', NULL, '2024-04-29 17:51:08', '2024-04-29 17:51:08'),
	(80, 'User48', 'user48@example.com', 'client', NULL, '$2y$12$7xs4WhHsI.xtv7hb1SGkyOTcL0sD9ML.DUQRUaC8GdnCGHC/g70Xu', NULL, '2024-04-29 17:51:08', '2024-04-29 17:51:08'),
	(81, 'User49', 'user49@example.com', 'client', NULL, '$2y$12$VGPfEXe3Xgi2dNWofcHDzevDftwsY07aQMk6g4pDf9Lf56U4I63Uy', NULL, '2024-04-29 17:51:08', '2024-04-29 17:51:08'),
	(82, 'User50', 'user50@example.com', 'client', NULL, '$2y$12$AT3RU9d/Ysya1pUIcrozcuhnm.rYQx.GhEKXlLmVJMVNWxhblEjwG', NULL, '2024-04-29 17:51:09', '2024-04-29 17:51:09'),
	(83, 'User51', 'user51@example.com', 'client', NULL, '$2y$12$g6EBvuzHcPaDP1vl1wD.xe8zXoU9F3fZWldAB8D5hIvyrQf6Jje.q', NULL, '2024-04-29 17:51:09', '2024-04-29 17:51:09'),
	(84, 'User52', 'user52@example.com', 'client', NULL, '$2y$12$SKzltkclh1H/87LBahTUAuRzUTTZaeFy1YlO9Yyp66FSKdUUOuHw.', NULL, '2024-04-29 17:51:10', '2024-04-29 17:51:10'),
	(85, 'User53', 'user53@example.com', 'client', NULL, '$2y$12$7dXcxPDcHO7fcJwAVCnmi..4Pg3eYaCdjKi8EEiGuu30Pxrp7Ix6S', NULL, '2024-04-29 17:51:10', '2024-04-29 17:51:10'),
	(86, 'User54', 'user54@example.com', 'client', NULL, '$2y$12$8Oczvz6tiPUyM0S/knQuDOPDyc//6MjFl4fhe0SKJEE/5zYE2vcKK', NULL, '2024-04-29 17:51:11', '2024-04-29 17:51:11'),
	(87, 'User55', 'user55@example.com', 'client', NULL, '$2y$12$h2jJe2m.5NogY3sh7qzxX.J2InIQ3zRi/edAIo7P8oCia4QB1J.F.', NULL, '2024-04-29 17:51:13', '2024-04-29 17:51:13'),
	(88, 'User56', 'user56@example.com', 'client', NULL, '$2y$12$CiERX/9uGgRXlsZ0avm/5Op7RRhPLpL.u2jOrIp67djSfyH3on16u', NULL, '2024-04-29 17:51:14', '2024-04-29 17:51:14'),
	(89, 'User57', 'user57@example.com', 'client', NULL, '$2y$12$Qxr3FPpV8zgVSlYQBWVU1O9GsCNNc7TQE77uyH0uz73Lx/cykw4rq', NULL, '2024-04-29 17:51:14', '2024-04-29 17:51:14'),
	(90, 'User58', 'user58@example.com', 'client', NULL, '$2y$12$hWrJIPR4I9yw4u4MPE.qkumcCxrDwIVEXpT54TNmpqe8fLF8RFwa6', NULL, '2024-04-29 17:51:14', '2024-04-29 17:51:14'),
	(91, 'User59', 'user59@example.com', 'client', NULL, '$2y$12$OtU9kb0bMKiIk9KA1gHIyOc6Eu21hqTzhsukN/9bt.HZakfUJmlym', NULL, '2024-04-29 17:51:15', '2024-04-29 17:51:15'),
	(92, 'User60', 'user60@example.com', 'client', NULL, '$2y$12$dvYWMa8rP21Fg.fZCUyC4OwJW7P2a7qOQaMCiGQq5xmVPsuMmOrS6', NULL, '2024-04-29 17:51:15', '2024-04-29 17:51:15'),
	(93, 'User61', 'user61@example.com', 'client', NULL, '$2y$12$PdpvtcewxnK5d12bbk8iJO2XXqYgQSEorE3WkL1Uhr9sLmZ0Ku9Jy', NULL, '2024-04-29 17:51:15', '2024-04-29 17:51:15'),
	(94, 'User62', 'user62@example.com', 'client', NULL, '$2y$12$k5n0Y2O3f1w/lr0LQo2WRucYJW9B/F7qtjDpfIHKECldmxsT5EoKG', NULL, '2024-04-29 17:51:16', '2024-04-29 17:51:16'),
	(95, 'User63', 'user63@example.com', 'client', NULL, '$2y$12$ymQMT8q5Bfz/xaKhnA3cruu0LU5ESP2PMjIazP9RxxjECoHVQLhSC', NULL, '2024-04-29 17:51:16', '2024-04-29 17:51:16'),
	(96, 'User64', 'user64@example.com', 'client', NULL, '$2y$12$NGbTE8lqMO8wCOsgQ.XTquvJnAUsK6WvH574EVEX/iyoC2/5vRyBu', NULL, '2024-04-29 17:51:16', '2024-04-29 17:51:16'),
	(97, 'User65', 'user65@example.com', 'client', NULL, '$2y$12$rJY2Utio5KdG7CuH49RxDefQOv9AMuTqZSjyGmJIup6nGA0.bsxBm', NULL, '2024-04-29 17:51:17', '2024-04-29 17:51:17'),
	(98, 'User66', 'user66@example.com', 'client', NULL, '$2y$12$VLUOgjrSwWph8gr3hwJ63OmHapPzSF.8LnwtKHorkaas2WP7sXDBW', NULL, '2024-04-29 17:51:17', '2024-04-29 17:51:17'),
	(99, 'User67', 'user67@example.com', 'client', NULL, '$2y$12$A6cdlEO/MYZ.4Jo6vuX5BOAZIBPjMv0U1hk2J7jTI45DJN9DjtakG', NULL, '2024-04-29 17:51:17', '2024-04-29 17:51:17'),
	(100, 'User68', 'user68@example.com', 'client', NULL, '$2y$12$tDp031oQwRGGjwUtqr./.u0oAI1gs4XtnOhCkInP3egORUIILFcu2', NULL, '2024-04-29 17:51:18', '2024-04-29 17:51:18'),
	(101, 'User69', 'user69@example.com', 'client', NULL, '$2y$12$lDu3GsKoRc25uKv/C7isZuuz6UVocmETppjHEo3zTqgG5pMfB/dE2', NULL, '2024-04-29 17:51:18', '2024-04-29 17:51:18'),
	(102, 'User70', 'user70@example.com', 'client', NULL, '$2y$12$w5O4KJEZjzPFNisB/RytquexMzUjbZXd5kK07hZyyaxwsCq6.rCsa', NULL, '2024-04-29 17:51:18', '2024-04-29 17:51:18'),
	(103, 'User71', 'user71@example.com', 'client', NULL, '$2y$12$rLmvKHOlcYkopeYSI8nz.eRBRvSQOnozg4WmaqM5gzVqVOQJPcep6', NULL, '2024-04-29 17:51:19', '2024-04-29 17:51:19'),
	(104, 'User72', 'user72@example.com', 'client', NULL, '$2y$12$9gc92pzPvkRytVGrhXHxju.REqXpaov9qQbi0iZPyYIYHwB3BWw3e', NULL, '2024-04-29 17:51:19', '2024-04-29 17:51:19'),
	(105, 'User73', 'user73@example.com', 'client', NULL, '$2y$12$Nt23NgLOl8Cdk4TcLb3VIOHXzOvihJI0s9LR7aYoSO4EJ/3HOBM.a', NULL, '2024-04-29 17:51:19', '2024-04-29 17:51:19'),
	(106, 'User74', 'user74@example.com', 'client', NULL, '$2y$12$VtF8qxRG9qdfD0RTgWLBauraUqo5eNgAHPCxi0rjPu1hGCOMyRHs6', NULL, '2024-04-29 17:51:19', '2024-04-29 17:51:19'),
	(107, 'User75', 'user75@example.com', 'client', NULL, '$2y$12$RRPof9dhJsnQ4L5/fGfRQ.wmemwF1wyxoS.iuNan755ODyApMnHwO', NULL, '2024-04-29 17:51:20', '2024-04-29 17:51:20'),
	(108, 'User76', 'user76@example.com', 'client', NULL, '$2y$12$ChDVIoOl8NADB3rq.Aqk7uGMKCN65DsR.FjmY9eD/2ITtN4Yx1852', NULL, '2024-04-29 17:51:20', '2024-04-29 17:51:20'),
	(109, 'User77', 'user77@example.com', 'client', NULL, '$2y$12$vCMVMghG7f7ZC3Q6xcX94u/rCXwDnIItnRstO25QfyAouCBBfnPA.', NULL, '2024-04-29 17:51:20', '2024-04-29 17:51:20'),
	(110, 'User78', 'user78@example.com', 'client', NULL, '$2y$12$kY69r9S3EiU.SnNJVtILue4DdJbwXgkC41lQTzoUbSyroLvfjYz/m', NULL, '2024-04-29 17:51:21', '2024-04-29 17:51:21'),
	(111, 'User79', 'user79@example.com', 'client', NULL, '$2y$12$G6gzNgY..tdz2qztxylsfODmL6lLEVMc3oGJ//kw.StCNg69mD1RW', NULL, '2024-04-29 17:51:21', '2024-04-29 17:51:21'),
	(112, 'User80', 'user80@example.com', 'client', NULL, '$2y$12$eo61q7bxlUJnXflaK3OR6u8fccYrv4OfMJ0a97ch/Zrf8lt7wppE2', NULL, '2024-04-29 17:51:21', '2024-04-29 17:51:21'),
	(113, 'User83', 'user83@example.com', 'client', NULL, '$2y$12$pvxhlINbXiaMFtPuWkCFTOBTq.OfwY3yRUe1zzX3qhJrkvf0q8kFu', NULL, '2024-04-29 17:53:11', '2024-04-29 17:53:11'),
	(114, 'User84', 'user84@example.com', 'client', NULL, '$2y$12$aRqxZkTNkKReicvl7OfM5uWMjxYbVQnOsOuhvcnJw9hnEFr50neBK', NULL, '2024-04-29 17:53:11', '2024-04-29 17:53:11'),
	(115, 'User85', 'user85@example.com', 'client', NULL, '$2y$12$zdqcHFYOJM3jWBlQIeWvpujljbgcov..o4Cda4d4wBDZQL5UR4XyC', NULL, '2024-04-29 17:53:11', '2024-04-29 17:53:11'),
	(116, 'User86', 'user86@example.com', 'client', NULL, '$2y$12$uTRIDdCILuK4GBRAMjvjeu3b9YD2LXimZKR023fg0xQ41fttApsm2', NULL, '2024-04-29 17:53:11', '2024-04-29 17:53:11'),
	(117, 'User87', 'user87@example.com', 'client', NULL, '$2y$12$VjbIaPROwLyL3ReiMy20/.oX98iNdK1weJeP5gWBXYXSqpg/oPFMC', NULL, '2024-04-29 17:53:12', '2024-04-29 17:53:12'),
	(118, 'User88', 'user88@example.com', 'client', NULL, '$2y$12$ubR6BZ9guqNpKx38fdR.rux7c.27nWZ1x0rSeB3IVbcHy8jhQf6lG', NULL, '2024-04-29 17:53:12', '2024-04-29 17:53:12'),
	(119, 'User89', 'user89@example.com', 'client', NULL, '$2y$12$5Q44hrXk/Qh1WRtUOS4/Iea9w/MByf8rMloVizi.sIV3/b3IO4iYC', NULL, '2024-04-29 17:53:12', '2024-04-29 17:53:12'),
	(120, 'User90', 'user90@example.com', 'client', NULL, '$2y$12$iLBvbehFgnUescGAcn6tk.XNLCs84N.ZPHK2flCGNbT/QlaN.Ab92', NULL, '2024-04-29 17:53:13', '2024-04-29 17:53:13'),
	(121, 'User91', 'user91@example.com', 'client', NULL, '$2y$12$Y2.otiuhWHLZ3X/iwxeMa.sKeYUXXe45JP/R0J.ePJsEjele/ceXi', NULL, '2024-04-29 17:53:13', '2024-04-29 17:53:13'),
	(122, 'User92', 'user92@example.com', 'client', NULL, '$2y$12$a5dwPRdBS3vQYcShz7U84.IkkUCm0qz/v.xm92bF0aHz2onIXm8Be', NULL, '2024-04-29 17:53:13', '2024-04-29 17:53:13'),
	(123, 'User93', 'user93@example.com', 'client', NULL, '$2y$12$l/cktIj3FP0ZVNd3CjpAFuVNQEJXymjA.UnZLn/D94RJK8D7Q6AsO', NULL, '2024-04-29 17:53:14', '2024-04-29 17:53:14'),
	(124, 'User94', 'user94@example.com', 'client', NULL, '$2y$12$NQW9FC/Ao514B9ww64SuOuv83FBfZa9VZUQ7DgWgfMXnerQBnDHJW', NULL, '2024-04-29 17:53:14', '2024-04-29 17:53:14'),
	(125, 'User95', 'user95@example.com', 'client', NULL, '$2y$12$xxCJHle0kZ7w/WPq5D41W.BQkV4U4wX.YBpZ8H21QQ6x9Z/./I.aa', NULL, '2024-04-29 17:53:14', '2024-04-29 17:53:14'),
	(126, 'User96', 'user96@example.com', 'client', NULL, '$2y$12$qa30alF.gOgLg9O5IoiHi.8GrWVL.3YJ6vaV2b89HN7o/m/.yGY0e', NULL, '2024-04-29 17:53:15', '2024-04-29 17:53:15'),
	(127, 'User97', 'user97@example.com', 'client', NULL, '$2y$12$mrj.n72WbFSydaFRCR8LfOUb1p.pVJJ.HMwAJ159fjeWEXD3pRG1y', NULL, '2024-04-29 17:53:15', '2024-04-29 17:53:15'),
	(128, 'User98', 'user98@example.com', 'client', NULL, '$2y$12$pHUPdvp5q5Jn1HjX3J0nPujau0X1VuGyWQ.9wSrkwemJ9aL8tl9TK', NULL, '2024-04-29 17:53:15', '2024-04-29 17:53:15'),
	(129, 'User99', 'user99@example.com', 'client', NULL, '$2y$12$IIYnMQIFLnCKeYPmWWr5bu64/TdPRc337Bh0rfLZ.i5hbq29kQq2q', NULL, '2024-04-29 17:53:16', '2024-04-29 17:53:16'),
	(130, 'User100', 'user100@example.com', 'client', NULL, '$2y$12$RoDguGV/Hd9sR5D4WtZDSO2jba6VvmY6KXFMmoG4L2fFB5RnHIC8G', NULL, '2024-04-29 17:53:16', '2024-04-29 17:53:16'),
	(131, 'User101', 'user101@example.com', 'client', NULL, '$2y$12$jGPHQWJUCSQ9b668r5Sp0Owm0PHozwI.DhAkO2hRecglh1Ty4W1Tu', NULL, '2024-04-29 17:53:16', '2024-04-29 17:53:16'),
	(132, 'User102', 'user102@example.com', 'client', NULL, '$2y$12$3JWpdb/HA8M9Xgu8.JLU9uoBheBnHuMgCEhSGpGYgrSfskoPYXKT6', NULL, '2024-04-29 17:53:17', '2024-04-29 17:53:17'),
	(133, 'User103', 'user103@example.com', 'client', NULL, '$2y$12$Z6SOGHELIlv5uyNy2wXt/uY0V0qeg67.EeF7LeWPSAWcEjPldQnkS', NULL, '2024-04-29 17:53:17', '2024-04-29 17:53:17'),
	(134, 'User104', 'user104@example.com', 'client', NULL, '$2y$12$ZZnw8RBWrVqSacsDPx1CWekyAM.ZSoDM.tXqByn4qUi/vND5Z2BIm', NULL, '2024-04-29 17:53:17', '2024-04-29 17:53:17'),
	(135, 'User105', 'user105@example.com', 'client', NULL, '$2y$12$O7I3FP/6SELsAqYtsQ1PbO102E4b.TUTGsrFG89qt2XPhHgow1Oeu', NULL, '2024-04-29 17:53:18', '2024-04-29 17:53:18'),
	(136, 'User106', 'user106@example.com', 'client', NULL, '$2y$12$lUpzm/a.oWPYciA20ieQiuHRF.8KQhJ90.sdvIpYwqKTP353P1Bzy', NULL, '2024-04-29 17:53:18', '2024-04-29 17:53:18'),
	(137, 'User107', 'user107@example.com', 'client', NULL, '$2y$12$ML0fNN/ON78oUFE04sF.veaQWE/kHoX9Ujj3dCWT4XrGnFAMLvaCK', NULL, '2024-04-29 17:53:18', '2024-04-29 17:53:18'),
	(138, 'User108', 'user108@example.com', 'client', NULL, '$2y$12$dA.bPYx/fih52UkmW/aQpe7lODimlwNRYn4swwqDPkl3xRJB73eW2', NULL, '2024-04-29 17:53:18', '2024-04-29 17:53:18'),
	(139, 'User109', 'user109@example.com', 'client', NULL, '$2y$12$qFr1gas1RfKOwhd5T40C/evRi.k8Ir.XfPkAj1oKAnKi0A5mHdxcK', NULL, '2024-04-29 17:53:19', '2024-04-29 17:53:19'),
	(140, 'User110', 'user110@example.com', 'client', NULL, '$2y$12$pvlkuqd2igsKeFHoN2HV6.NLxgNl2qyUPAwHkcYT92/.E2hrT8LfW', NULL, '2024-04-29 17:53:19', '2024-04-29 17:53:19'),
	(141, 'User111', 'user111@example.com', 'client', NULL, '$2y$12$cJKjNvNHoFh6oVtafaiDtutazKwfwYN/LY.gnJnppY.qnCqR1rRDm', NULL, '2024-04-29 17:53:19', '2024-04-29 17:53:19'),
	(142, 'User112', 'user112@example.com', 'client', NULL, '$2y$12$O8yl3Gku/MLlrtLZ65dpJeRf0cT7Rob.fO.IyuC.xdQE1UrbaFKfi', NULL, '2024-04-29 17:53:20', '2024-04-29 17:53:20'),
	(143, 'User113', 'user113@example.com', 'client', NULL, '$2y$12$cD7XU1TcnaCs1UHkv0jXrefP/Lm5V445q6uyxqBB2tjKrSU9vkJDG', NULL, '2024-04-29 17:53:20', '2024-04-29 17:53:20'),
	(144, 'User114', 'user114@example.com', 'client', NULL, '$2y$12$SUs6l0GcyojQN9j6aufYd.3bMirRXVgdmAH/JT.urXmlR2xeixEJi', NULL, '2024-04-29 17:53:20', '2024-04-29 17:53:20'),
	(145, 'User115', 'user115@example.com', 'client', NULL, '$2y$12$YsRWXjPTLymookXCO.kD.OEmqNcrs/jdca2hNN5kT8jDAVXFZP8Vi', NULL, '2024-04-29 17:53:21', '2024-04-29 17:53:21'),
	(146, 'User116', 'user116@example.com', 'client', NULL, '$2y$12$r/r5m1/2Lul/jifGl2GiWuByElvDjQR/wSsVtr7ozwyk.NIF2PyPi', NULL, '2024-04-29 17:53:21', '2024-04-29 17:53:21'),
	(147, 'User117', 'user117@example.com', 'client', NULL, '$2y$12$iJc5EHB2QjBTvCQTKh9E5OeGlHzPm0UCC7Vctrp7R0YwvDLM63uvK', NULL, '2024-04-29 17:53:21', '2024-04-29 17:53:21'),
	(148, 'User118', 'user118@example.com', 'client', NULL, '$2y$12$jvk9/6d/1kgxiFeBn1m/O.fje.fskMVnNidPxyCWq1iTBUAxtjIaW', NULL, '2024-04-29 17:53:22', '2024-04-29 17:53:22'),
	(149, 'User119', 'user119@example.com', 'client', NULL, '$2y$12$BpY2O94J1p0XV0ijHw.q3.VzRH1Nhe8C.W8Z092lU3aBeo59C1yAy', NULL, '2024-04-29 17:53:22', '2024-04-29 17:53:22'),
	(150, 'User120', 'user120@example.com', 'client', NULL, '$2y$12$WGvD4IKVWUybjC38JD3QyuHJsC2ASGWMbagAmT57P8Sm4/wqMoZs.', NULL, '2024-04-29 17:53:22', '2024-04-29 17:53:22'),
	(151, 'User123', 'user123@example.com', 'client', NULL, '$2y$12$ADwy6mAEppsu1/xq758N8.wWzjL0I.wscrSMNEkzDrm6LN/4VVDuC', NULL, '2024-04-29 17:55:01', '2024-04-29 17:55:01'),
	(152, 'User124', 'user124@example.com', 'client', NULL, '$2y$12$ZtaL.hRf5DPcgnEBzYmE7.eP95HLo3nSQCR6Relf3CdF.xVlz4GES', NULL, '2024-04-29 17:55:02', '2024-04-29 17:55:02'),
	(153, 'User125', 'user125@example.com', 'client', NULL, '$2y$12$01FOVveWmwSVdg/qZIXqWuRV8CfY6gGkIfYSAWq/i3kEg2.c9bIDS', NULL, '2024-04-29 17:55:02', '2024-04-29 17:55:02'),
	(154, 'User126', 'user126@example.com', 'client', NULL, '$2y$12$OA57TDS7WgmjD9BYAE39buhfbRCwx7ymi48jtJ6kr5h8ZiQmXtFMS', NULL, '2024-04-29 17:55:02', '2024-04-29 17:55:02'),
	(155, 'User127', 'user127@example.com', 'client', NULL, '$2y$12$ftVQcVPvrBQrFaYZd7BstODk0K.JjxBPvm/ldKqYZ6ht8K2PhmCvy', NULL, '2024-04-29 17:55:03', '2024-04-29 17:55:03'),
	(156, 'User128', 'user128@example.com', 'client', NULL, '$2y$12$FDduDFQk1IRGZhpgjkGlhe4DSIKpqaKn2g19e0k8W5jlvhCBxNj9K', NULL, '2024-04-29 17:55:03', '2024-04-29 17:55:03'),
	(157, 'User129', 'user129@example.com', 'client', NULL, '$2y$12$LtH04PbjQeyhzXyt8g.baODJfM4wboqSdkGk5Pzm80Lm7dbTsRvE6', NULL, '2024-04-29 17:55:03', '2024-04-29 17:55:03'),
	(158, 'User130', 'user130@example.com', 'client', NULL, '$2y$12$a7Sg/tb/Gj8GF.M/sibBweBRKL9lXHsbiNvYt7JNocyz3tm2feAFW', NULL, '2024-04-29 17:55:04', '2024-04-29 17:55:04'),
	(159, 'User131', 'user131@example.com', 'client', NULL, '$2y$12$Iwz2btJ.GL3Iq/2n0fuL9.pHeWoA/lcWEmQnZ4aSKmfnnWi2hoUJK', NULL, '2024-04-29 17:55:04', '2024-04-29 17:55:04'),
	(160, 'User132', 'user132@example.com', 'client', NULL, '$2y$12$VP.99VCOvmBQ6HsBv32Ozex1lM//jeWoHsOq29lhtIYzNsdalkAGi', NULL, '2024-04-29 17:55:04', '2024-04-29 17:55:04'),
	(161, 'User133', 'user133@example.com', 'client', NULL, '$2y$12$wul575q2I8a3zSWXFNy1VuADLFKvivK6sqkPZevoe1j1A.0HvjNm6', NULL, '2024-04-29 17:55:05', '2024-04-29 17:55:05'),
	(162, 'User134', 'user134@example.com', 'client', NULL, '$2y$12$1TM4zD2LUOhrb.7hCftc..srSEaqvoBtDwVOlEq45VprEdZ.l2tMa', NULL, '2024-04-29 17:55:05', '2024-04-29 17:55:05'),
	(163, 'User135', 'user135@example.com', 'client', NULL, '$2y$12$o7jWUgogQzZ5mgoXdoKHgudR3fsl.ChMJFjmttQlPFj.MIVe2H/ay', NULL, '2024-04-29 17:55:05', '2024-04-29 17:55:05'),
	(164, 'User136', 'user136@example.com', 'client', NULL, '$2y$12$Y.IjnoB5W7wpZpvGOKEZmOnhgE.59LTW3uU6g3kiEhOl17FIP7MoW', NULL, '2024-04-29 17:55:05', '2024-04-29 17:55:05'),
	(165, 'User137', 'user137@example.com', 'client', NULL, '$2y$12$DDqpJ6.maO0Dag8nrQhhx.Fd2Ghh0cB7Ua0AwveloU8bEG6IG3SWe', NULL, '2024-04-29 17:55:06', '2024-04-29 17:55:06'),
	(166, 'User138', 'user138@example.com', 'client', NULL, '$2y$12$9RyrNEAmJ4maCZsSXk9V4uLZX8WB1DQzA5j0pCND.wbXa0DmdeF.W', NULL, '2024-04-29 17:55:06', '2024-04-29 17:55:06'),
	(167, 'User139', 'user139@example.com', 'client', NULL, '$2y$12$5OWW0sQ7w3KRjz9R5Zmvp.WwprPRXfOuJZQGgal7oUXRWmlDfKyq6', NULL, '2024-04-29 17:55:06', '2024-04-29 17:55:06'),
	(168, 'User140', 'user140@example.com', 'client', NULL, '$2y$12$maTS33ro22m5xAiSiG9oFugnZYSDnXw51prePvSoftztHvjr5sS.u', NULL, '2024-04-29 17:55:07', '2024-04-29 17:55:07'),
	(169, 'User141', 'user141@example.com', 'client', NULL, '$2y$12$EAB3mhB7E1eop/1IDb7FbeRKHMCw3/63/2yJl4s9i9Tluu49eAsxu', NULL, '2024-04-29 17:55:07', '2024-04-29 17:55:07'),
	(170, 'User142', 'user142@example.com', 'client', NULL, '$2y$12$ZIWCVCioTaQsl6mjKEReBO0tsbAUVadQ9tk8C6.kWYWhHt53h3fUC', NULL, '2024-04-29 17:55:07', '2024-04-29 17:55:07'),
	(171, 'User143', 'user143@example.com', 'client', NULL, '$2y$12$mjraLeJSuORdb9U6Nr/hT.9vLytnOJuj1pXmdnVV1wuyJxuJ3qcR.', NULL, '2024-04-29 17:55:08', '2024-04-29 17:55:08'),
	(172, 'User144', 'user144@example.com', 'client', NULL, '$2y$12$WhZ.ET9zQVR6Q7m/U290GOoyrNbXmLW8XiQptvo7tEI.PvFs1d7Dq', NULL, '2024-04-29 17:55:08', '2024-04-29 17:55:08'),
	(173, 'User145', 'user145@example.com', 'client', NULL, '$2y$12$ZTghzvjkWtkM71RIYgZRvuCAIWiWdxR1ciPVGhzuJnptvFvxC7Xom', NULL, '2024-04-29 17:55:08', '2024-04-29 17:55:08'),
	(174, 'User146', 'user146@example.com', 'client', NULL, '$2y$12$BtDIEJ3k9t1q.lMRdnkoP.3BPXHyL2yhOxq1Rxc.ZmzNP20yyQZ5S', NULL, '2024-04-29 17:55:09', '2024-04-29 17:55:09'),
	(175, 'User147', 'user147@example.com', 'client', NULL, '$2y$12$yTpEJdbfq3zHzK3GxsiJD.WeFTKgk22Pbj77DiAGJhQJKzbvYfkHy', NULL, '2024-04-29 17:55:09', '2024-04-29 17:55:09'),
	(176, 'User148', 'user148@example.com', 'client', NULL, '$2y$12$BL769FhJYa0B/UvW8jxLgewyBik9WVlE3DFm4fkbl6l.iRMojaZTy', NULL, '2024-04-29 17:55:09', '2024-04-29 17:55:09'),
	(177, 'User149', 'user149@example.com', 'client', NULL, '$2y$12$./hfBSDD11brYSxgZn9oceh6wP1FDjRNJLqhoYrEloU3hUH790HLG', NULL, '2024-04-29 17:55:10', '2024-04-29 17:55:10'),
	(178, 'User150', 'user150@example.com', 'client', NULL, '$2y$12$Nij4TY7ZdEk65YU3weSmveqm3jaH5ty0Uwba76WJ2vc55ZlunpuLa', NULL, '2024-04-29 17:55:10', '2024-04-29 17:55:10'),
	(179, 'User151', 'user151@example.com', 'client', NULL, '$2y$12$teQBeGndRy5TGQbceuCahuXOIDOwDxRJPUWkCOi7xEeUJHBnkLW5m', NULL, '2024-04-29 17:55:10', '2024-04-29 17:55:10'),
	(180, 'User152', 'user152@example.com', 'client', NULL, '$2y$12$JOsakl1yAvABwxICV6TZRejNiHFKWQzOT3qM/FMydtq8bT9iDbmsC', NULL, '2024-04-29 17:55:11', '2024-04-29 17:55:11'),
	(181, 'User153', 'user153@example.com', 'client', NULL, '$2y$12$PFvj9Y4w/GRuVpIGvuT7bOpaJwCoAGv3gPiXpgxJ2n12sPa0Qs4AW', NULL, '2024-04-29 17:55:11', '2024-04-29 17:55:11'),
	(182, 'User154', 'user154@example.com', 'client', NULL, '$2y$12$xmXknrmPCLW2xc4UOnxFZebdxfKVawsg.N4Ua8wKrIl/9cg9E8Sda', NULL, '2024-04-29 17:55:12', '2024-04-29 17:55:12'),
	(183, 'User155', 'user155@example.com', 'client', NULL, '$2y$12$naFnRzhPlnIybxjZzinAbOjh6oregxO1sKnqP2R29Anf7RG29k6j.', NULL, '2024-04-29 17:55:12', '2024-04-29 17:55:12'),
	(184, 'User156', 'user156@example.com', 'client', NULL, '$2y$12$YFwxFAL/6uOpUHaPntbqAuXkvkVWUdePoyRTiBlszaBlMq2tPe04q', NULL, '2024-04-29 17:55:12', '2024-04-29 17:55:12'),
	(185, 'User157', 'user157@example.com', 'client', NULL, '$2y$12$SvfXfl8o.oWwLRBmU8XTSeyzdx86l3TpqBuhwD7QOFqQWWgCJ7C6a', NULL, '2024-04-29 17:55:13', '2024-04-29 17:55:13'),
	(186, 'User158', 'user158@example.com', 'client', NULL, '$2y$12$7Lg87v2/tLC4CZzU4tquqe/cOe64P8WEbOfRB4jLbaK.1Wq/akoHm', NULL, '2024-04-29 17:55:13', '2024-04-29 17:55:13'),
	(187, 'User159', 'user159@example.com', 'client', NULL, '$2y$12$B.A2E65NDGhonnhAA122W.lnhOn9ZxUw.UXAy1umSzAObVOJQV7/m', NULL, '2024-04-29 17:55:13', '2024-04-29 17:55:13'),
	(188, 'User160', 'user160@example.com', 'client', NULL, '$2y$12$3E5iDX5tV7iBhMWFlWn6bO3uJxF6uaVUvQWScLXpbWkLVuN2JWmLO', NULL, '2024-04-29 17:55:14', '2024-04-29 17:55:14'),
	(189, 'User161', 'user161@example.com', 'client', NULL, '$2y$12$TSqKtjCfa6liJJTDYfpfo.2xus8pJjUC1bW7QEaW3UF05dUBwkJoi', NULL, '2024-04-29 17:55:14', '2024-04-29 17:55:14'),
	(190, 'User162', 'user162@example.com', 'client', NULL, '$2y$12$FBowWR7AlWmyuyjHnqFou.W92DekmECR68fcZauRVOfRjagYvmjYu', NULL, '2024-04-29 17:55:14', '2024-04-29 17:55:14'),
	(191, 'User163', 'user163@example.com', 'client', NULL, '$2y$12$jIra3x9A8Q4pzpC.eYKQG.1IG4y8Viy3inbmeE3sEbiOFFXxe3zBe', NULL, '2024-04-29 17:55:15', '2024-04-29 17:55:15'),
	(192, 'User164', 'user164@example.com', 'client', NULL, '$2y$12$7VcL9aKfo34kM81Va0jIIOx0kS74TYUYe7NcSXKNnf9U6qk1yHSHe', NULL, '2024-04-29 17:55:15', '2024-04-29 17:55:15'),
	(193, 'User165', 'user165@example.com', 'client', NULL, '$2y$12$Ym/lyZnfVE.jSyY3AMvlDOtrEwjwJKuWn83dYfLzsfe0RD1w9Pkge', NULL, '2024-04-29 17:55:15', '2024-04-29 17:55:15'),
	(194, 'User166', 'user166@example.com', 'client', NULL, '$2y$12$7x52glaeGOw80Uaf/RkpSevRbNDxRWHAK8bJ2jc7Tq601xW0GGV1G', NULL, '2024-04-29 17:55:16', '2024-04-29 17:55:16'),
	(195, 'User167', 'user167@example.com', 'client', NULL, '$2y$12$IefN1SV4swIVhdR58tS8deblrM7uZOPqq6Asfa3DkMibp07HtGqP.', NULL, '2024-04-29 17:55:16', '2024-04-29 17:55:16'),
	(196, 'User168', 'user168@example.com', 'client', NULL, '$2y$12$UwJrfcGUEUIXwmIN78vC..3GSPYo5o0.gIUNg4IX7yVv20cA/0Jly', NULL, '2024-04-29 17:55:16', '2024-04-29 17:55:16'),
	(197, 'User169', 'user169@example.com', 'client', NULL, '$2y$12$KzpWkVE1fK0BVcOtSfJZMOlrxr0y7tjV04ScjlLzXaEEXlHwZJbJO', NULL, '2024-04-29 17:55:17', '2024-04-29 17:55:17'),
	(198, 'User170', 'user170@example.com', 'client', NULL, '$2y$12$7wq5ERJsJrNQAy65rPxw9ucKWSrTVUpqZQtWMUIhUqaTwWerUXmei', NULL, '2024-04-29 17:55:17', '2024-04-29 17:55:17'),
	(199, 'User171', 'user171@example.com', 'client', NULL, '$2y$12$sPiixdnxYNf6MmN4q2kMpOAoOlssisnbP48oO0VApPfAPpWsHpoJ2', NULL, '2024-04-29 17:55:17', '2024-04-29 17:55:17'),
	(200, 'User172', 'user172@example.com', 'client', NULL, '$2y$12$DPLhCebGc0bz3c0SbmACfedhXv.rGaUU6Z/MgioF5toe6JWFz6br2', NULL, '2024-04-29 17:55:18', '2024-04-29 17:55:18'),
	(201, 'User173', 'user173@example.com', 'client', NULL, '$2y$12$C0dM3XzhBVDXv5H6.aSDYObD7BhknNYcrTtaRjZWfAcuUHx/sHqji', NULL, '2024-04-29 17:55:18', '2024-04-29 17:55:18'),
	(202, 'User174', 'user174@example.com', 'client', NULL, '$2y$12$8BSnT5K8SyMpNAjySzU/WuQMsf0eBLHTa1l/HEd022vxN7lY2GNzy', NULL, '2024-04-29 17:55:18', '2024-04-29 17:55:18'),
	(203, 'User175', 'user175@example.com', 'client', NULL, '$2y$12$WDriSlOHr0espJWmvTHoIe8kv0fBTgSb6XnxlWcnMP5aqtXHJ1ZZW', NULL, '2024-04-29 17:55:19', '2024-04-29 17:55:19'),
	(204, 'User176', 'user176@example.com', 'client', NULL, '$2y$12$5FHBp/gPm30GDs/C/jGRK.bsM3E.ApZ639qVfrKOqp6csTDARpq.O', NULL, '2024-04-29 17:55:19', '2024-04-29 17:55:19'),
	(205, 'User177', 'user177@example.com', 'client', NULL, '$2y$12$NIny09SmM53hfK8Bs7pPoOXKNMno42ejdOWG7jvKhzPIkhX5u6.Pe', NULL, '2024-04-29 17:55:19', '2024-04-29 17:55:19'),
	(206, 'User178', 'user178@example.com', 'client', NULL, '$2y$12$2yRP6PoVbGJ.TpWemuHM8Oc1axtsbwxC9tC8ZFKFSkT/XQVsJIn1W', NULL, '2024-04-29 17:55:20', '2024-04-29 17:55:20'),
	(207, 'User179', 'user179@example.com', 'client', NULL, '$2y$12$aKbUTNWwPLAe9jo0.miEheOA4EHuz2wU3btxi8UNil1VvqWhIDwmW', NULL, '2024-04-29 17:55:20', '2024-04-29 17:55:20'),
	(208, 'User180', 'user180@example.com', 'client', NULL, '$2y$12$xz4PdCo/1ulao1Q636ZPN.ArfEVxukNUIefi0WB.LO//e3F2qAUQS', NULL, '2024-04-29 17:55:20', '2024-04-29 17:55:20'),
	(209, 'User181', 'user181@example.com', 'client', NULL, '$2y$12$vA1QBj9pxLAK.Cts3bWFc.lOkIpznCkmxXlvkouYlnQ9VGbKG.1l.', NULL, '2024-04-29 17:55:21', '2024-04-29 17:55:21'),
	(210, 'User182', 'user182@example.com', 'client', NULL, '$2y$12$dVLMV07.YJTqvHodasHsGusBYcrw6vLE6p2MmqLimJNw7thYNbg/G', NULL, '2024-04-29 17:55:21', '2024-04-29 17:55:21'),
	(211, 'User183', 'user183@example.com', 'client', NULL, '$2y$12$MmK2c2Dig7ct/CzTGDA9cOTlf9qN./YDIzEvisXE/AfH2hozfZl8W', NULL, '2024-04-29 17:55:21', '2024-04-29 17:55:21'),
	(212, 'User184', 'user184@example.com', 'client', NULL, '$2y$12$/WldxMkAvVJDttAXt/Aiy.9C3QklUe9cZHvsD5M381L/fW1ymmjzS', NULL, '2024-04-29 17:55:22', '2024-04-29 17:55:22'),
	(213, 'User185', 'user185@example.com', 'client', NULL, '$2y$12$rmqCX2p34TcPZB4em.qVIeDVeXhOruaRvCarHxqFtQRqU1teGZmHm', NULL, '2024-04-29 17:55:22', '2024-04-29 17:55:22'),
	(214, 'User186', 'user186@example.com', 'client', NULL, '$2y$12$uk.RojS3oQNr0iWvWsYgJOInz9Jvqu/7zcHwhR8cNIUkZQuVhJMG6', NULL, '2024-04-29 17:55:22', '2024-04-29 17:55:22'),
	(215, 'User187', 'user187@example.com', 'client', NULL, '$2y$12$pSLB9c4p4RWhFxGuCoa.GeI67Uxyzs16krIUn2ukiVhO3jqAchoA2', NULL, '2024-04-29 17:55:22', '2024-04-29 17:55:22'),
	(216, 'User188', 'user188@example.com', 'client', NULL, '$2y$12$L7Azov0mR76yWiiHfJ.4dOtAlQZsGrUnQ1Ie5NWgfXMlpd8Bjw1IW', NULL, '2024-04-29 17:55:23', '2024-04-29 17:55:23'),
	(217, 'User189', 'user189@example.com', 'client', NULL, '$2y$12$cBb7tX5DGPPgdbsmOdsSMeLDfrkdreq26VLyw4y3Gcztp671hhzDi', NULL, '2024-04-29 17:55:23', '2024-04-29 17:55:23'),
	(218, 'User190', 'user190@example.com', 'client', NULL, '$2y$12$PGZbD.BkrsiWM7P4lcOwPOHHqy2fXaH4Kipf5rZXx75ehezQvD9H.', NULL, '2024-04-29 17:55:23', '2024-04-29 17:55:23'),
	(219, 'User191', 'user191@example.com', 'client', NULL, '$2y$12$MTPb87gwyP8vkj4hm4Nwr.5pj2q7XgP2/jNkigu9I7rrPzfgD05l.', NULL, '2024-04-29 17:55:24', '2024-04-29 17:55:24'),
	(220, 'User192', 'user192@example.com', 'client', NULL, '$2y$12$MraFZfhHyOXTvBtZkgQk5OMhmYcleCO7Ws72J8Y8/VIKK6Lx.zOaG', NULL, '2024-04-29 17:55:24', '2024-04-29 17:55:24'),
	(221, 'User193', 'user193@example.com', 'client', NULL, '$2y$12$Jdg12cX687EcvGz7yD6hrus9Yg6uEkEl4dmM6btgBKz6hZ5Iu7Fuu', NULL, '2024-04-29 17:55:24', '2024-04-29 17:55:24'),
	(222, 'User194', 'user194@example.com', 'client', NULL, '$2y$12$PjQHTqEeU9Jg5vxLt6eD5et.LLpbb2yr833UeoVISNLeD/fCn/Bru', NULL, '2024-04-29 17:55:25', '2024-04-29 17:55:25'),
	(223, 'User195', 'user195@example.com', 'client', NULL, '$2y$12$giJLoPbKXMqbhi13viok/.ocRJnavlQZswHUa/bDkn3glexfyj1R.', NULL, '2024-04-29 17:55:25', '2024-04-29 17:55:25'),
	(224, 'User196', 'user196@example.com', 'client', NULL, '$2y$12$WZdsDblZpPJW1huteqJNeOsV4IYnh6VDL5nV6y/VlQCQW4TkO4N0.', NULL, '2024-04-29 17:55:25', '2024-04-29 17:55:25'),
	(225, 'User197', 'user197@example.com', 'client', NULL, '$2y$12$AShleZ873CSk/XHpLSQlEekqCkTlWiYgMEZKKfhyzP5lpFmhescR.', NULL, '2024-04-29 17:55:26', '2024-04-29 17:55:26'),
	(226, 'User198', 'user198@example.com', 'client', NULL, '$2y$12$LWZZEqz.jt4r8Ba.5nQMw.w8x.OQGZXVQfnP6AgAzQxfiAP8ytgsC', NULL, '2024-04-29 17:55:26', '2024-04-29 17:55:26'),
	(227, 'User199', 'user199@example.com', 'admin', NULL, '$2y$12$VqeXBokYLblqAzjGH9db/.vn8mA0mbRx8qv/lrKTsRG7WkabsSOiC', NULL, '2024-04-29 17:55:26', '2024-04-29 18:55:59'),
	(228, 'User200', 'user200@example.com', 'client', NULL, '$2y$12$9oC97RSw1fnkpQkhyhlG.OarvWl3sbOzkHYAr0sYGfyMbSuaV2Ioi', NULL, '2024-04-29 17:55:27', '2024-04-29 17:55:27');

-- Listage de la structure de table carmaintain. vehicles
CREATE TABLE IF NOT EXISTS `vehicles` (
  `id` bigint unsigned NOT NULL AUTO_INCREMENT,
  `make` varchar(255) COLLATE utf8mb4_unicode_ci NOT NULL,
  `model` varchar(255) COLLATE utf8mb4_unicode_ci NOT NULL,
  `year` int NOT NULL,
  `license_plate` varchar(255) COLLATE utf8mb4_unicode_ci NOT NULL,
  `created_at` timestamp NULL DEFAULT NULL,
  `updated_at` timestamp NULL DEFAULT NULL,
  PRIMARY KEY (`id`)
) ENGINE=InnoDB AUTO_INCREMENT=214 DEFAULT CHARSET=utf8mb4 COLLATE=utf8mb4_unicode_ci;

-- Listage des données de la table carmaintain.vehicles : ~3 rows (environ)
INSERT INTO `vehicles` (`id`, `make`, `model`, `year`, `license_plate`, `created_at`, `updated_at`) VALUES
	(11, 'Toyota', 'Corolla', 2022, 'ABC123', '2024-03-17 19:52:30', '2024-03-17 19:52:32'),
	(12, 'Honda', 'Accord', 2023, 'DEF456', '2024-03-17 19:52:31', '2024-03-17 19:52:33'),
	(13, 'Ford', 'Mustang', 2024, 'GHI789', '2024-03-17 19:52:35', '2024-03-17 19:52:34'),
	(14, 'Collier Inc', 'dolores', 2009, '00UIAA9', '2024-04-29 17:58:10', '2024-04-29 17:58:10'),
	(15, 'O\'Connell and Sons', 'nam', 2021, 'ZMFGM7K', '2024-04-29 17:58:10', '2024-04-29 17:58:10'),
	(16, 'Sanford, Moore and Emmerich', 'accusantium', 1979, 'C51WKK1', '2024-04-29 17:58:10', '2024-04-29 17:58:10'),
	(17, 'Moen, Nitzsche and Koepp', 'consectetur', 2023, 'IF2T73U', '2024-04-29 17:58:10', '2024-04-29 17:58:10'),
	(18, 'Botsford Inc', 'nulla', 2009, 'BCJ1UPA', '2024-04-29 17:58:10', '2024-04-29 17:58:10'),
	(19, 'Eichmann LLC', 'numquam', 1982, 'TSLND55', '2024-04-29 17:58:10', '2024-04-29 17:58:10'),
	(20, 'Hettinger, Tillman and Macejkovic', 'amet', 2008, 'MGKJ1NC', '2024-04-29 17:58:10', '2024-04-29 17:58:10'),
	(21, 'Windler, Ruecker and Brown', 'voluptas', 1974, '9DGJOKR', '2024-04-29 17:58:10', '2024-04-29 17:58:10'),
	(22, 'Schultz-Feil', 'quo', 1981, '7A2SBQK', '2024-04-29 17:58:10', '2024-04-29 17:58:10'),
	(23, 'Hilpert LLC', 'ea', 2008, 'SRPFQHT', '2024-04-29 17:58:10', '2024-04-29 17:58:10'),
	(24, 'McLaughlin Inc', 'error', 2002, '341UZ2L', '2024-04-29 17:58:10', '2024-04-29 17:58:10'),
	(25, 'Wyman-Mosciski', 'aut', 1999, 'UT7PRZ9', '2024-04-29 17:58:10', '2024-04-29 17:58:10'),
	(26, 'Rempel PLC', 'quia', 1991, 'N4Y3Z84', '2024-04-29 17:58:10', '2024-04-29 17:58:10'),
	(27, 'Hagenes PLC', 'aut', 2013, 'QBDGHDN', '2024-04-29 17:58:10', '2024-04-29 17:58:10'),
	(28, 'Mante Ltd', 'optio', 2009, 'E8KKQ2X', '2024-04-29 17:58:10', '2024-04-29 17:58:10'),
	(29, 'Casper-Mitchell', 'cumque', 1990, 'CWNYQV4', '2024-04-29 17:58:10', '2024-04-29 17:58:10'),
	(30, 'Satterfield Group', 'itaque', 1974, '76PS0PO', '2024-04-29 17:58:10', '2024-04-29 17:58:10'),
	(31, 'Nitzsche-Von', 'est', 2012, '9M5TKT3', '2024-04-29 17:58:10', '2024-04-29 17:58:10'),
	(32, 'Heidenreich, Koelpin and Sawayn', 'eos', 2008, 'YT9T8BJ', '2024-04-29 17:58:10', '2024-04-29 17:58:10'),
	(33, 'Kub LLC', 'ab', 1991, 'KK3OC26', '2024-04-29 17:58:10', '2024-04-29 17:58:10'),
	(34, 'Homenick-Stiedemann', 'fuga', 1986, '56UWS5G', '2024-04-29 17:58:10', '2024-04-29 17:58:10'),
	(35, 'Mante, Walker and Doyle', 'ut', 1995, '29NF4FZ', '2024-04-29 17:58:10', '2024-04-29 17:58:10'),
	(36, 'Mertz, Ondricka and Stanton', 'qui', 1970, 'W2KOAFU', '2024-04-29 17:58:10', '2024-04-29 17:58:10'),
	(37, 'Tremblay-Purdy', 'reprehenderit', 2014, 'E6C8FDT', '2024-04-29 17:58:10', '2024-04-29 17:58:10'),
	(38, 'Gorczany Group', 'voluptatum', 1974, 'DNJ165E', '2024-04-29 17:58:10', '2024-04-29 17:58:10'),
	(39, 'Klein, Aufderhar and Little', 'totam', 2024, 'WYK1XD4', '2024-04-29 17:58:10', '2024-04-29 17:58:10'),
	(40, 'McKenzie, Dickinson and Wolf', 'sit', 1970, 'EZL8P6B', '2024-04-29 17:58:10', '2024-04-29 17:58:10'),
	(41, 'Powlowski-Buckridge', 'animi', 1997, '1JJYPJ6', '2024-04-29 17:58:10', '2024-04-29 17:58:10'),
	(42, 'Padberg, Cole and Boyer', 'alias', 1996, 'XM9KKK0', '2024-04-29 17:58:10', '2024-04-29 17:58:10'),
	(43, 'Murray LLC', 'aut', 1975, 'VP6FWE2', '2024-04-29 17:58:10', '2024-04-29 17:58:10'),
	(44, 'O\'Keefe, Lockman and Halvorson', 'tempore', 2022, 'ZTQFVZ7', '2024-04-29 17:58:10', '2024-04-29 17:58:10'),
	(45, 'Dibbert Ltd', 'tenetur', 1970, 'EU4OTUZ', '2024-04-29 17:58:10', '2024-04-29 17:58:10'),
	(46, 'Stark, Stoltenberg and Bailey', 'eius', 1979, 'CJEWC2P', '2024-04-29 17:58:10', '2024-04-29 17:58:10'),
	(47, 'Cruickshank, Raynor and Gibson', 'est', 1994, 'T0H6IO0', '2024-04-29 17:58:10', '2024-04-29 17:58:10'),
	(48, 'Heaney, Schneider and Schinner', 'dolor', 1985, 'BZQC8O1', '2024-04-29 17:58:10', '2024-04-29 17:58:10'),
	(49, 'Rutherford-Lind', 'quo', 1990, '8NR3ZH2', '2024-04-29 17:58:10', '2024-04-29 17:58:10'),
	(50, 'Gibson, Hahn and Muller', 'cum', 2021, '8MR61TZ', '2024-04-29 17:58:10', '2024-04-29 17:58:10'),
	(51, 'Wunsch-Gerlach', 'sunt', 1996, 'C61AZA1', '2024-04-29 17:58:10', '2024-04-29 17:58:10'),
	(52, 'Heller-Spinka', 'dicta', 2020, 'WGC8JO9', '2024-04-29 17:58:10', '2024-04-29 17:58:10'),
	(53, 'Heidenreich-Runolfsdottir', 'deleniti', 1972, '491KZ7H', '2024-04-29 17:58:10', '2024-04-29 17:58:10'),
	(54, 'Smith, Mayer and Kautzer', 'quia', 1989, '4LR8UMK', '2024-04-29 17:58:10', '2024-04-29 17:58:10'),
	(55, 'Schowalter-Moen', 'minus', 1981, 'HDEM9EY', '2024-04-29 17:58:10', '2024-04-29 17:58:10'),
	(56, 'Rath-Kuvalis', 'rerum', 1994, 'J4I108S', '2024-04-29 17:58:10', '2024-04-29 17:58:10'),
	(57, 'Shanahan-Nitzsche', 'molestiae', 2009, 'BOAYT0Q', '2024-04-29 17:58:10', '2024-04-29 17:58:10'),
	(58, 'White, Ziemann and Marks', 'minus', 2010, 'L6SSO7T', '2024-04-29 17:58:10', '2024-04-29 17:58:10'),
	(59, 'Haley LLC', 'in', 2002, 'QNQJ87V', '2024-04-29 17:58:10', '2024-04-29 17:58:10'),
	(60, 'Beahan, Johnston and Botsford', 'natus', 1988, 'H99OHCJ', '2024-04-29 17:58:10', '2024-04-29 17:58:10'),
	(61, 'McCullough-Jakubowski', 'nemo', 2009, 'V4351AA', '2024-04-29 17:58:10', '2024-04-29 17:58:10'),
	(62, 'Swift-Mills', 'aspernatur', 2007, '3LYPWZ1', '2024-04-29 17:58:10', '2024-04-29 17:58:10'),
	(63, 'Wuckert LLC', 'sed', 1989, 'XFZIWHT', '2024-04-29 17:58:10', '2024-04-29 17:58:10'),
	(64, 'Legros-Abshire', 'beatae', 1992, 'LGMQAAR', '2024-04-29 17:58:10', '2024-04-29 17:58:10'),
	(65, 'Glover, Brakus and Pacocha', 'error', 1982, '2C20OUD', '2024-04-29 17:58:10', '2024-04-29 17:58:10'),
	(66, 'Cassin and Sons', 'ut', 2018, 'CN4MUOV', '2024-04-29 17:58:10', '2024-04-29 17:58:10'),
	(67, 'Morissette-Braun', 'adipisci', 1977, 'OGU21UH', '2024-04-29 17:58:10', '2024-04-29 17:58:10'),
	(68, 'Beier PLC', 'temporibus', 1995, 'SACHZ82', '2024-04-29 17:58:10', '2024-04-29 17:58:10'),
	(69, 'Jenkins PLC', 'laborum', 2004, 'SH39Y9E', '2024-04-29 17:58:10', '2024-04-29 17:58:10'),
	(70, 'Runte, Kshlerin and Rogahn', 'perferendis', 2023, 'S0MZOOJ', '2024-04-29 17:58:10', '2024-04-29 17:58:10'),
	(71, 'Wisoky-Schiller', 'consequatur', 1984, 'QKWMI4W', '2024-04-29 17:58:10', '2024-04-29 17:58:10'),
	(72, 'Veum, Upton and Bogan', 'veniam', 1994, 'THBAR60', '2024-04-29 17:58:10', '2024-04-29 17:58:10'),
	(73, 'Hilpert, Legros and Stanton', 'corporis', 2013, '38CWNX5', '2024-04-29 17:58:10', '2024-04-29 17:58:10'),
	(74, 'Lowe and Sons', 'et', 1996, '9TLTJNY', '2024-04-29 17:58:11', '2024-04-29 17:58:11'),
	(75, 'Harber LLC', 'illum', 1973, 'O25SKGD', '2024-04-29 17:58:11', '2024-04-29 17:58:11'),
	(76, 'D\'Amore Group', 'dignissimos', 1982, '17CZQ3C', '2024-04-29 17:58:11', '2024-04-29 17:58:11'),
	(77, 'Spencer, Skiles and Greenfelder', 'amet', 2004, 'HERTMXH', '2024-04-29 17:58:11', '2024-04-29 17:58:11'),
	(78, 'Okuneva-Labadie', 'voluptatibus', 2007, '7E7GXBS', '2024-04-29 17:58:11', '2024-04-29 17:58:11'),
	(79, 'Collier and Sons', 'deleniti', 1984, 'P4H20V5', '2024-04-29 17:58:11', '2024-04-29 17:58:11'),
	(80, 'Romaguera, Leuschke and Bergnaum', 'tenetur', 1977, 'JM6ODLX', '2024-04-29 17:58:11', '2024-04-29 17:58:11'),
	(81, 'Bednar Group', 'et', 2003, 'T7QIWUW', '2024-04-29 17:58:11', '2024-04-29 17:58:11'),
	(82, 'Hessel Group', 'omnis', 1998, 'DTFJ0GN', '2024-04-29 17:58:11', '2024-04-29 17:58:11'),
	(83, 'Schulist-Quigley', 'incidunt', 1995, '4NUCBX7', '2024-04-29 17:58:11', '2024-04-29 17:58:11'),
	(84, 'Wuckert, Toy and Ratke', 'atque', 1974, '0AUOX98', '2024-04-29 17:58:11', '2024-04-29 17:58:11'),
	(85, 'Denesik Inc', 'nihil', 2019, 'D0IH33Y', '2024-04-29 17:58:11', '2024-04-29 17:58:11'),
	(86, 'Satterfield, Buckridge and Stanton', 'voluptas', 2021, 'TFZ0NKY', '2024-04-29 17:58:11', '2024-04-29 17:58:11'),
	(87, 'West, Daugherty and Effertz', 'sint', 1981, '7JWQYID', '2024-04-29 17:58:11', '2024-04-29 17:58:11'),
	(88, 'Mann, Huel and Adams', 'veniam', 1990, '6M2BA24', '2024-04-29 17:58:11', '2024-04-29 17:58:11'),
	(89, 'Anderson Ltd', 'est', 2016, 'PNDIN9Y', '2024-04-29 17:58:11', '2024-04-29 17:58:11'),
	(90, 'Volkman-Bergnaum', 'quam', 2010, 'MB2YTHQ', '2024-04-29 17:58:11', '2024-04-29 17:58:11'),
	(91, 'Murazik Inc', 'cupiditate', 1990, '0ZGRMO8', '2024-04-29 17:58:11', '2024-04-29 17:58:11'),
	(92, 'Hackett and Sons', 'culpa', 1996, 'BQNSTET', '2024-04-29 17:58:11', '2024-04-29 17:58:11'),
	(93, 'Abbott LLC', 'iste', 1976, 'OUTD6W1', '2024-04-29 17:58:11', '2024-04-29 17:58:11'),
	(94, 'Walsh, Watsica and Batz', 'ea', 2013, '2RDZBRU', '2024-04-29 17:58:11', '2024-04-29 17:58:11'),
	(95, 'Nicolas, Altenwerth and Maggio', 'sunt', 1973, 'XVTKKQ2', '2024-04-29 17:58:11', '2024-04-29 17:58:11'),
	(96, 'Kris, Runolfsdottir and Douglas', 'nisi', 1983, 'IWBVPK2', '2024-04-29 17:58:11', '2024-04-29 17:58:11'),
	(97, 'Koch-Walker', 'quibusdam', 1977, 'FTUIJBB', '2024-04-29 17:58:11', '2024-04-29 17:58:11'),
	(98, 'Christiansen Group', 'debitis', 2018, 'D5GOGF3', '2024-04-29 17:58:11', '2024-04-29 17:58:11'),
	(99, 'Weissnat and Sons', 'nemo', 1985, 'I7DDLM7', '2024-04-29 17:58:11', '2024-04-29 17:58:11'),
	(100, 'Anderson and Sons', 'adipisci', 1998, '4OVZL2R', '2024-04-29 17:58:11', '2024-04-29 17:58:11'),
	(101, 'Haag, Jacobi and Leannon', 'labore', 2013, 'URBR0YS', '2024-04-29 17:58:11', '2024-04-29 17:58:11'),
	(102, 'Feest and Sons', 'amet', 2005, 'RV66Q16', '2024-04-29 17:58:11', '2024-04-29 17:58:11'),
	(103, 'Donnelly Inc', 'consequuntur', 1983, 'NUW1J3E', '2024-04-29 17:58:11', '2024-04-29 17:58:11'),
	(104, 'Stracke Group', 'laborum', 1978, 'WSR4O5W', '2024-04-29 17:58:11', '2024-04-29 17:58:11'),
	(105, 'Upton Ltd', 'nisi', 1984, '3E5JYUM', '2024-04-29 17:58:11', '2024-04-29 17:58:11'),
	(106, 'Koepp PLC', 'qui', 1995, 'OK94V3Z', '2024-04-29 17:58:11', '2024-04-29 17:58:11'),
	(107, 'Bechtelar LLC', 'quia', 1979, 'M5ILJ7W', '2024-04-29 17:58:11', '2024-04-29 17:58:11'),
	(108, 'Medhurst, White and Rice', 'cumque', 2005, 'LOK0N88', '2024-04-29 17:58:11', '2024-04-29 17:58:11'),
	(109, 'Lakin-Kassulke', 'adipisci', 2019, 'AG3E5BN', '2024-04-29 17:58:11', '2024-04-29 17:58:11'),
	(110, 'Torp-Lemke', 'et', 1988, 'FIWK5G4', '2024-04-29 17:58:11', '2024-04-29 17:58:11'),
	(111, 'O\'Reilly, Collins and Jenkins', 'et', 1973, 'GD5KMG9', '2024-04-29 17:58:11', '2024-04-29 17:58:11'),
	(112, 'Monahan, Schulist and Denesik', 'hic', 2015, '6PNUKTL', '2024-04-29 17:58:11', '2024-04-29 17:58:11'),
	(113, 'Berge-Conn', 'occaecati', 1992, 'JNAYHK3', '2024-04-29 17:58:11', '2024-04-29 17:58:11'),
	(114, 'Wilderman, Pfeffer and Robel', 'neque', 2013, 'SITUKED', '2024-04-29 17:58:16', '2024-04-29 17:58:16'),
	(115, 'Rice, Gaylord and Purdy', 'nostrum', 1987, 'L0UIRBP', '2024-04-29 17:58:16', '2024-04-29 17:58:16'),
	(116, 'Feeney LLC', 'velit', 1987, 'XDFHBTW', '2024-04-29 17:58:16', '2024-04-29 17:58:16'),
	(117, 'Donnelly, Ruecker and Metz', 'iste', 2007, '8QTMVZK', '2024-04-29 17:58:16', '2024-04-29 17:58:16'),
	(118, 'Lehner LLC', 'ut', 2007, 'N2PCFUQ', '2024-04-29 17:58:16', '2024-04-29 17:58:16'),
	(119, 'Waters, Quitzon and Lang', 'molestias', 1992, '9UWP8X8', '2024-04-29 17:58:16', '2024-04-29 17:58:16'),
	(120, 'Daniel PLC', 'aut', 1989, 'Q91EEU4', '2024-04-29 17:58:16', '2024-04-29 17:58:16'),
	(121, 'Welch Ltd', 'quia', 1971, '9R7HUCC', '2024-04-29 17:58:16', '2024-04-29 17:58:16'),
	(122, 'Grant-Ryan', 'non', 2000, 'LK5A0XY', '2024-04-29 17:58:16', '2024-04-29 17:58:16'),
	(123, 'Bruen, Ferry and Douglas', 'sit', 2003, 'PMQ5CKQ', '2024-04-29 17:58:16', '2024-04-29 17:58:16'),
	(124, 'Pfeffer, Reynolds and Daugherty', 'quis', 2015, 'I961LQ3', '2024-04-29 17:58:16', '2024-04-29 17:58:16'),
	(125, 'Hessel, Hermann and Gottlieb', 'dolores', 1970, 'API8MJK', '2024-04-29 17:58:16', '2024-04-29 17:58:16'),
	(126, 'Veum and Sons', 'veritatis', 1999, 'F45J469', '2024-04-29 17:58:16', '2024-04-29 17:58:16'),
	(127, 'Schultz-Kuhic', 'voluptas', 1971, 'DC9FA96', '2024-04-29 17:58:16', '2024-04-29 17:58:16'),
	(128, 'Durgan and Sons', 'debitis', 1990, 'ARXGINI', '2024-04-29 17:58:16', '2024-04-29 17:58:16'),
	(129, 'Stamm, Moen and Volkman', 'exercitationem', 2003, 'LF3N3SG', '2024-04-29 17:58:16', '2024-04-29 17:58:16'),
	(130, 'Gleichner Ltd', 'saepe', 1999, 'XY73XAC', '2024-04-29 17:58:16', '2024-04-29 17:58:16'),
	(131, 'Watsica-Ortiz', 'velit', 2000, 'OV6ODKP', '2024-04-29 17:58:16', '2024-04-29 17:58:16'),
	(132, 'Pfannerstill Group', 'aut', 1977, 'BAIQI81', '2024-04-29 17:58:16', '2024-04-29 17:58:16'),
	(133, 'West, Considine and Hegmann', 'rerum', 1998, 'MELK6I5', '2024-04-29 17:58:16', '2024-04-29 17:58:16'),
	(134, 'Tillman and Sons', 'saepe', 1981, 'FBH2K33', '2024-04-29 17:58:16', '2024-04-29 17:58:16'),
	(135, 'Sawayn, Fahey and Monahan', 'aperiam', 2017, '2LLDUJW', '2024-04-29 17:58:16', '2024-04-29 17:58:16'),
	(136, 'Hackett-Bechtelar', 'voluptas', 2005, 'NT7D3IC', '2024-04-29 17:58:16', '2024-04-29 17:58:16'),
	(137, 'Hagenes, Klocko and Nicolas', 'est', 2015, 'QKW0NA6', '2024-04-29 17:58:16', '2024-04-29 17:58:16'),
	(138, 'Mann, Ruecker and Bartoletti', 'fugit', 2002, '80KG7GG', '2024-04-29 17:58:16', '2024-04-29 17:58:16'),
	(139, 'Pfannerstill Ltd', 'molestias', 2019, 'IDAB6VC', '2024-04-29 17:58:16', '2024-04-29 17:58:16'),
	(140, 'Kunde-Schneider', 'alias', 2013, 'LG68DO4', '2024-04-29 17:58:16', '2024-04-29 17:58:16'),
	(141, 'Mertz, Strosin and Boehm', 'sapiente', 1972, '1KVLBTC', '2024-04-29 17:58:16', '2024-04-29 17:58:16'),
	(142, 'Hahn, Heller and Goodwin', 'qui', 1976, 'ND56DZL', '2024-04-29 17:58:16', '2024-04-29 17:58:16'),
	(143, 'Jones Inc', 'vitae', 2012, 'LJWPGJM', '2024-04-29 17:58:16', '2024-04-29 17:58:16'),
	(144, 'Smitham, Cormier and Schoen', 'aperiam', 1976, 'JU1REVQ', '2024-04-29 17:58:16', '2024-04-29 17:58:16'),
	(145, 'Klocko-Hamill', 'et', 1994, 'DXU38P9', '2024-04-29 17:58:16', '2024-04-29 17:58:16'),
	(146, 'Beatty, Buckridge and Schmitt', 'dolorum', 1983, 'CPKP5EL', '2024-04-29 17:58:16', '2024-04-29 17:58:16'),
	(147, 'Rolfson, Bosco and Harris', 'dolor', 1993, 'KK6KDQC', '2024-04-29 17:58:16', '2024-04-29 17:58:16'),
	(148, 'O\'Kon, Altenwerth and Connelly', 'sapiente', 1970, 'CO44HWG', '2024-04-29 17:58:16', '2024-04-29 17:58:16'),
	(149, 'Becker Ltd', 'accusamus', 2019, 'TK4ZYCY', '2024-04-29 17:58:16', '2024-04-29 17:58:16'),
	(150, 'Terry Group', 'ut', 2021, '9O8YQK6', '2024-04-29 17:58:16', '2024-04-29 17:58:16'),
	(151, 'Conn-Jenkins', 'ipsum', 1980, 'BKUVGZO', '2024-04-29 17:58:16', '2024-04-29 17:58:16'),
	(152, 'Labadie-Lehner', 'inventore', 1981, 'MXR95A2', '2024-04-29 17:58:16', '2024-04-29 17:58:16'),
	(153, 'O\'Hara, Hansen and Von', 'vitae', 1995, 'T5OT3S0', '2024-04-29 17:58:16', '2024-04-29 17:58:16'),
	(154, 'Hegmann, Kub and Hills', 'corrupti', 2019, '0RWYBBP', '2024-04-29 17:58:16', '2024-04-29 17:58:16'),
	(155, 'Jerde Inc', 'enim', 1996, 'C7LWLV6', '2024-04-29 17:58:16', '2024-04-29 17:58:16'),
	(156, 'Emard-Crooks', 'aut', 1974, 'VUKYXRC', '2024-04-29 17:58:16', '2024-04-29 17:58:16'),
	(157, 'Wilderman, Rau and Leffler', 'incidunt', 1993, 'LUMQIZ1', '2024-04-29 17:58:16', '2024-04-29 17:58:16'),
	(158, 'Rippin-Davis', 'quo', 2013, 'HQ11V8T', '2024-04-29 17:58:16', '2024-04-29 17:58:16'),
	(159, 'Ortiz, Schaefer and Goodwin', 'optio', 1985, '0ZLTW1J', '2024-04-29 17:58:16', '2024-04-29 17:58:16'),
	(160, 'Nitzsche, Parker and Fisher', 'rerum', 2017, '2MMQGUL', '2024-04-29 17:58:16', '2024-04-29 17:58:16'),
	(161, 'Champlin-Mann', 'aut', 1993, 'YWZHEQU', '2024-04-29 17:58:16', '2024-04-29 17:58:16'),
	(162, 'Ritchie PLC', 'tempora', 1994, 'VAIQRPA', '2024-04-29 17:58:16', '2024-04-29 17:58:16'),
	(163, 'Prosacco, Abshire and Hartmann', 'impedit', 2019, 'SY6RZTO', '2024-04-29 17:58:16', '2024-04-29 17:58:16'),
	(164, 'Kunde, Towne and Price', 'autem', 2005, 'IPZ2SWE', '2024-04-29 17:58:16', '2024-04-29 17:58:16'),
	(165, 'Connelly, Buckridge and Lebsack', 'quae', 2013, 'FOWZT7V', '2024-04-29 17:58:16', '2024-04-29 17:58:16'),
	(166, 'Kulas PLC', 'voluptatem', 1974, 'K4TD9HV', '2024-04-29 17:58:16', '2024-04-29 17:58:16'),
	(167, 'Smitham-Huel', 'enim', 1997, '84DLOQH', '2024-04-29 17:58:16', '2024-04-29 17:58:16'),
	(168, 'Kerluke-Fritsch', 'sint', 2023, '1J8KSBW', '2024-04-29 17:58:16', '2024-04-29 17:58:16'),
	(169, 'Kerluke, Mosciski and Schmitt', 'omnis', 2006, 'F7MCU76', '2024-04-29 17:58:16', '2024-04-29 17:58:16'),
	(170, 'Gottlieb, Bayer and Luettgen', 'ut', 1992, 'XN03OM7', '2024-04-29 17:58:16', '2024-04-29 17:58:16'),
	(171, 'Russel, Hessel and Crooks', 'aspernatur', 1982, 'RGMZFRD', '2024-04-29 17:58:16', '2024-04-29 17:58:16'),
	(172, 'Vandervort LLC', 'ratione', 2020, 'DGYFL4C', '2024-04-29 17:58:16', '2024-04-29 17:58:16'),
	(173, 'Bergstrom-Wisozk', 'debitis', 2020, 'F0ORXTL', '2024-04-29 17:58:16', '2024-04-29 17:58:16'),
	(174, 'Renner-Robel', 'in', 1998, 'CU79HVD', '2024-04-29 17:58:16', '2024-04-29 17:58:16'),
	(175, 'Carroll, Stamm and Mitchell', 'eligendi', 2001, 'VXL42J8', '2024-04-29 17:58:16', '2024-04-29 17:58:16'),
	(176, 'Renner, Satterfield and Aufderhar', 'explicabo', 1979, '8OCTMXY', '2024-04-29 17:58:16', '2024-04-29 17:58:16'),
	(177, 'Lubowitz, Kuvalis and Streich', 'eius', 1986, 'HCAI5LT', '2024-04-29 17:58:16', '2024-04-29 17:58:16'),
	(178, 'O\'Connell-Lubowitz', 'voluptatem', 1989, 'WL8K7IF', '2024-04-29 17:58:16', '2024-04-29 17:58:16'),
	(179, 'Murray Inc', 'culpa', 1992, 'D1O0OQR', '2024-04-29 17:58:16', '2024-04-29 17:58:16'),
	(180, 'Rogahn Ltd', 'sit', 1998, 'OLL22JW', '2024-04-29 17:58:16', '2024-04-29 17:58:16'),
	(181, 'Langworth-Kohler', 'repudiandae', 2001, 'P9LF9SD', '2024-04-29 17:58:16', '2024-04-29 17:58:16'),
	(182, 'Stoltenberg, Lesch and Crist', 'vel', 1987, 'CADZNXP', '2024-04-29 17:58:16', '2024-04-29 17:58:16'),
	(183, 'Bergnaum, Erdman and Blick', 'enim', 1986, '7B461IY', '2024-04-29 17:58:16', '2024-04-29 17:58:16'),
	(184, 'Haag LLC', 'mollitia', 2023, 'ICD8R7D', '2024-04-29 17:58:16', '2024-04-29 17:58:16'),
	(185, 'Veum Ltd', 'natus', 1982, 'GTJU8WW', '2024-04-29 17:58:16', '2024-04-29 17:58:16'),
	(186, 'Hane-Blanda', 'eum', 2016, '76ILGS2', '2024-04-29 17:58:16', '2024-04-29 17:58:16'),
	(187, 'Lebsack-Orn', 'est', 1992, 'O98MX1Z', '2024-04-29 17:58:16', '2024-04-29 17:58:16'),
	(188, 'Fisher, Kreiger and Kertzmann', 'quis', 2012, 'AAYRQOJ', '2024-04-29 17:58:16', '2024-04-29 17:58:16'),
	(189, 'Torphy Ltd', 'tempora', 2018, 'W1FOEGQ', '2024-04-29 17:58:16', '2024-04-29 17:58:16'),
	(190, 'Lindgren, Keebler and Howe', 'inventore', 2017, 'CB0S0F1', '2024-04-29 17:58:16', '2024-04-29 17:58:16'),
	(191, 'Lehner-Gottlieb', 'eius', 2003, '00NX7I2', '2024-04-29 17:58:16', '2024-04-29 17:58:16'),
	(192, 'Bergnaum-Greenholt', 'est', 2010, 'XL3E326', '2024-04-29 17:58:16', '2024-04-29 17:58:16'),
	(193, 'Schuppe-Barton', 'ut', 1972, '8LNFWJT', '2024-04-29 17:58:16', '2024-04-29 17:58:16'),
	(194, 'Hodkiewicz-Conn', 'inventore', 1995, '63SQROS', '2024-04-29 17:58:16', '2024-04-29 17:58:16'),
	(195, 'Rolfson, Renner and Mosciski', 'et', 2022, 'RC8P0Z7', '2024-04-29 17:58:16', '2024-04-29 17:58:16'),
	(196, 'Greenfelder, Casper and Harris', 'laborum', 2018, 'LBRJRNB', '2024-04-29 17:58:16', '2024-04-29 17:58:16'),
	(197, 'Morar Group', 'distinctio', 1982, 'N1FATMF', '2024-04-29 17:58:16', '2024-04-29 17:58:16'),
	(198, 'Morissette Inc', 'minima', 2001, 'UIURYAY', '2024-04-29 17:58:16', '2024-04-29 17:58:16'),
	(199, 'Murphy, Luettgen and Kunze', 'minima', 1996, 'WPX5XQD', '2024-04-29 17:58:16', '2024-04-29 17:58:16'),
	(200, 'Jenkins-Considine', 'totam', 2022, 'X78OC58', '2024-04-29 17:58:16', '2024-04-29 17:58:16'),
	(201, 'Walsh-Leffler', 'aut', 2019, '48K2695', '2024-04-29 17:58:16', '2024-04-29 17:58:16'),
	(202, 'Hoppe-Padberg', 'inventore', 1993, 'E8RPKP9', '2024-04-29 17:58:16', '2024-04-29 17:58:16'),
	(203, 'Ebert Group', 'quo', 1988, 'YM1P0PL', '2024-04-29 17:58:16', '2024-04-29 17:58:16'),
	(204, 'Kuhlman, Herman and McKenzie', 'suscipit', 1991, 'ZWN9O8D', '2024-04-29 17:58:16', '2024-04-29 17:58:16'),
	(205, 'Heathcote-Hills', 'velit', 2017, '152TU2O', '2024-04-29 17:58:16', '2024-04-29 17:58:16'),
	(206, 'Walker Inc', 'sequi', 1992, '9ILZEIK', '2024-04-29 17:58:16', '2024-04-29 17:58:16'),
	(207, 'Ritchie, Keeling and Ebert', 'eos', 1997, 'CGP7F5U', '2024-04-29 17:58:16', '2024-04-29 17:58:16'),
	(208, 'Casper-Swaniawski', 'molestias', 2013, 'J97BD0A', '2024-04-29 17:58:16', '2024-04-29 17:58:16'),
	(209, 'Trantow LLC', 'suscipit', 1998, '1Q6YMUE', '2024-04-29 17:58:16', '2024-04-29 17:58:16'),
	(210, 'Willms and Sons', 'deserunt', 2001, 'HKL0DR3', '2024-04-29 17:58:16', '2024-04-29 17:58:16'),
	(211, 'Schuster Ltd', 'est', 1982, '3VQ48X7', '2024-04-29 17:58:16', '2024-04-29 17:58:16'),
	(212, 'Larson Group', 'ut', 1980, 'CGFVJ6Z', '2024-04-29 17:58:16', '2024-04-29 17:58:16'),
	(213, 'Legros-Ankunding', 'quisquam', 1996, 'H7YCAY1', '2024-04-29 17:58:16', '2024-04-29 17:58:16');

-- Listage de la structure de table carmaintain. wish_lists
CREATE TABLE IF NOT EXISTS `wish_lists` (
  `id` bigint unsigned NOT NULL AUTO_INCREMENT,
  `title` varchar(255) COLLATE utf8mb4_unicode_ci NOT NULL,
  `description` text COLLATE utf8mb4_unicode_ci,
  `created_at` timestamp NULL DEFAULT NULL,
  `updated_at` timestamp NULL DEFAULT NULL,
  `user_id` bigint unsigned DEFAULT NULL,
  `device_id` bigint unsigned DEFAULT NULL,
  PRIMARY KEY (`id`),
  KEY `user_id` (`user_id`),
  KEY `device_id` (`device_id`),
  CONSTRAINT `FK_wish_lists_devices` FOREIGN KEY (`device_id`) REFERENCES `devices` (`id`) ON DELETE CASCADE ON UPDATE CASCADE,
  CONSTRAINT `FK_wish_lists_users` FOREIGN KEY (`user_id`) REFERENCES `users` (`id`) ON DELETE CASCADE ON UPDATE CASCADE
) ENGINE=InnoDB AUTO_INCREMENT=170 DEFAULT CHARSET=utf8mb4 COLLATE=utf8mb4_unicode_ci;

-- Listage des données de la table carmaintain.wish_lists : ~0 rows (environ)
INSERT INTO `wish_lists` (`id`, `title`, `description`, `created_at`, `updated_at`, `user_id`, `device_id`) VALUES
	(13, 'client', 'WishList Item Added', '2024-04-29 17:45:41', '2024-04-29 17:45:41', 67, 31),
	(18, 'Sed doloremque qui nam qui laboriosam quaerat molestiae dolorum.', 'Laudantium voluptatum rem est nostrum. Hic cum sequi quidem illo dolores qui. Dolorem eaque voluptates reiciendis et dolore qui. Explicabo cumque deserunt nesciunt ab totam. Eos suscipit hic rerum voluptatem.', '2024-04-29 18:27:24', '2024-04-29 18:27:24', 66, 33),
	(19, 'Similique voluptatem quae occaecati commodi earum.', 'Velit rerum doloremque dolor dolorum. Eaque totam placeat beatae autem ut iste. Expedita voluptate inventore itaque omnis officia magni ut. Perspiciatis dolore non voluptatem quasi ducimus aut.', '2024-04-29 18:27:24', '2024-04-29 18:27:24', 192, 30),
	(20, 'Quis minus aperiam non consequatur temporibus fugit.', 'Qui eos est unde et recusandae a. Nisi error mollitia sint ipsam qui reprehenderit et ratione. Rerum asperiores occaecati molestiae qui sunt. Iste dolorem est consequuntur officia.', '2024-04-29 18:27:24', '2024-04-29 18:27:24', 40, 30),
	(21, 'Nihil fugiat repellendus doloremque et voluptas vitae ullam.', 'Aut odit qui qui. Ullam sunt non earum aspernatur itaque. Dolores et numquam dicta rerum unde tempora. Nostrum provident perferendis repellat delectus dolores dicta. Ea itaque nobis non voluptate voluptate.', '2024-04-29 18:27:24', '2024-04-29 18:27:24', 42, 36),
	(23, 'Voluptate officiis ut suscipit id.', 'Vel voluptatem et provident perferendis pariatur aut hic. Modi saepe iste quaerat vel ut ad et. Aut repellat et ratione voluptas dolore. Qui dolorem totam accusantium hic.', '2024-04-29 18:27:26', '2024-04-29 18:27:26', 111, 32),
	(24, 'Fugiat quia omnis qui dolor.', 'Accusamus vel voluptatibus ab debitis. Quae inventore tempora est nihil dolores nihil velit. Illum quaerat iusto sint corporis expedita aperiam dolor in.', '2024-04-29 18:27:26', '2024-04-29 18:27:26', 47, 36),
	(25, 'Ipsum ut possimus est dolor sit aspernatur.', 'Voluptate dolorum velit unde eos blanditiis molestiae et. Est et aut omnis qui occaecati a. Rem et aliquam cum minus reiciendis. Sequi mollitia et id assumenda sed et. Non odit placeat quis vero tempora nulla et.', '2024-04-29 18:27:26', '2024-04-29 18:27:26', 85, 33),
	(26, 'Est velit maxime porro voluptas blanditiis.', 'Non repellendus consequatur quae est eligendi unde. Maxime mollitia repudiandae itaque. In ullam sit repudiandae consequatur ut vel. Non ad quam et nulla.', '2024-04-29 18:27:26', '2024-04-29 18:27:26', 156, 37),
	(27, 'Qui dicta temporibus nostrum impedit.', 'Autem sed ipsam non. Autem eum consequatur ab eos aut ea.', '2024-04-29 18:27:26', '2024-04-29 18:27:26', 88, 37),
	(28, 'Veritatis dolorem quaerat fuga.', 'Repellendus dolore fugiat eum. Perferendis impedit sint harum nesciunt et est possimus ipsum. Architecto dicta mollitia et. Corporis nisi in ut et ipsam rerum perferendis eos.', '2024-04-29 18:27:26', '2024-04-29 18:27:26', 172, 30),
	(29, 'Est nostrum iusto et ut in.', 'Eum non aut laborum at doloribus. Esse quidem alias ullam magni consequatur molestias. Aspernatur tempore sed quibusdam omnis. Excepturi iste ratione maxime aliquam non eaque.', '2024-04-29 18:27:26', '2024-04-29 18:27:26', 187, 33),
	(31, 'Quos quis recusandae aut.', 'Ea labore qui dignissimos et officia non. Dignissimos ratione dolore iste ea est quae. Tempore fugit animi eaque dolores. Et unde quia molestiae ut. Ipsum fugiat repellat sit cupiditate quas aut.', '2024-04-29 18:27:27', '2024-04-29 18:27:27', 175, 36),
	(33, 'Odit a placeat ratione quod qui expedita similique.', 'Eos dicta reprehenderit iusto. Eveniet saepe voluptas mollitia ipsum aliquam. Ut voluptatibus assumenda tenetur perferendis deleniti. Ipsam sunt voluptas qui nulla doloribus qui et. Dolor quia qui perspiciatis qui molestias ipsa aut.', '2024-04-29 18:27:29', '2024-04-29 18:27:29', 101, 37),
	(35, 'Beatae velit repudiandae quia ad rerum atque.', 'Totam nulla quisquam aut exercitationem. Dolores vitae voluptatem harum est nesciunt asperiores. Corrupti in eius perferendis odio eum.', '2024-04-29 18:27:31', '2024-04-29 18:27:31', 173, 31),
	(36, 'Rerum enim totam rerum modi rerum officia.', 'Neque nisi qui sapiente dolor. Omnis quis quam accusamus magni pariatur necessitatibus dolorem. Doloribus natus ad expedita consectetur eaque. Mollitia earum explicabo nostrum ut voluptatem quidem rerum. Similique rerum explicabo aperiam voluptatum enim expedita.', '2024-04-29 18:27:31', '2024-04-29 18:27:31', 159, 32),
	(37, 'Eius atque tenetur porro non omnis ut.', 'Dolorum sunt aut dolor laudantium. Quas molestiae numquam nemo et dolores sit est eos.', '2024-04-29 18:27:31', '2024-04-29 18:27:31', 63, 34),
	(38, 'Dolorem iste et laudantium.', 'Nobis aspernatur ullam expedita ad pariatur. Maiores neque laborum qui quia iusto quae dicta. Mollitia fugit architecto facere cupiditate. Necessitatibus corporis ut sunt quo est sequi consequatur possimus.', '2024-04-29 18:27:31', '2024-04-29 18:27:31', 190, 33),
	(40, 'Eius et neque ut optio neque dolorem et.', 'Saepe voluptatem quia esse doloremque iure. Sed omnis necessitatibus quae nam vero omnis cumque. Facere sunt et voluptatem qui aut modi.', '2024-04-29 18:27:33', '2024-04-29 18:27:33', 164, 33),
	(42, 'Perspiciatis labore ad recusandae autem illum qui ratione amet.', 'Dicta et eveniet ut quae. Impedit sed facilis amet modi totam. Aut blanditiis repellendus est in labore et voluptatibus. Quaerat accusantium et adipisci aut. Omnis quam nemo natus dolorem ut molestiae.', '2024-04-29 18:27:34', '2024-04-29 18:27:34', 130, 30),
	(43, 'Sit est ut id est nihil veritatis est aliquam.', 'Aperiam corrupti consequatur hic consequatur perspiciatis laboriosam ipsam. Delectus ipsam illo ipsum qui sunt delectus minima. Incidunt id velit vel quis. Enim quo aut commodi voluptas a ut.', '2024-04-29 18:27:34', '2024-04-29 18:27:34', 71, 37),
	(44, 'Et qui incidunt labore omnis qui.', 'Eveniet quam laudantium similique. Id aperiam eos incidunt similique aut quibusdam consequatur. Aut voluptates vel consectetur.', '2024-04-29 18:27:34', '2024-04-29 18:27:34', 57, 33),
	(45, 'Voluptatibus rem maxime in enim quia soluta.', 'Voluptates provident laborum excepturi consequuntur debitis quo. Culpa in iste asperiores voluptas.', '2024-04-29 18:27:34', '2024-04-29 18:27:34', 133, 34),
	(47, 'Perferendis voluptatem et exercitationem aut sit dolorum voluptas culpa.', 'Et rerum quibusdam laborum amet dolor laborum fuga eius. Nesciunt et dolorum cum. Itaque aliquam ea reprehenderit eius ex cumque architecto facere. Doloremque numquam nesciunt dolores et.', '2024-04-29 18:27:36', '2024-04-29 18:27:36', 155, 33),
	(48, 'Molestiae quisquam quis consectetur quidem.', 'Id amet cupiditate quos ipsum sapiente expedita soluta. Exercitationem recusandae id commodi accusamus nostrum quos quae. Natus officiis aperiam necessitatibus officia aut.', '2024-04-29 18:27:36', '2024-04-29 18:27:36', 177, 36),
	(49, 'Hic et aut enim sunt vel odit.', 'Nam ipsam enim ut debitis doloribus voluptatibus harum. Sunt illum id eius mollitia placeat natus sapiente. Vel nesciunt assumenda commodi hic molestiae ullam praesentium animi. Earum placeat nam inventore quam omnis.', '2024-04-29 18:27:36', '2024-04-29 18:27:36', 76, 32),
	(50, 'Dolore fugit modi voluptas earum.', 'Est minima impedit aut laborum consequatur laborum quia. Voluptate voluptates velit quaerat laudantium quia ipsum id. Veritatis qui sed et exercitationem cupiditate autem at. Ex perspiciatis est alias.', '2024-04-29 18:27:36', '2024-04-29 18:27:36', 62, 30),
	(52, 'Dolor architecto adipisci nemo velit autem accusantium unde.', 'Ullam aliquam nihil maiores voluptatibus velit officia. Occaecati qui laudantium magnam occaecati. Repudiandae id neque rerum a. Odit unde harum cupiditate quidem vero sint.', '2024-04-29 18:27:37', '2024-04-29 18:27:37', 174, 37),
	(53, 'Est consequatur repudiandae sapiente.', 'Commodi et consequatur aut modi error quia. Fuga voluptatem eos molestias ad. Et qui dolor eligendi qui amet sit fugit.', '2024-04-29 18:27:37', '2024-04-29 18:27:37', 113, 36),
	(54, 'Ipsa molestias aut tempore doloremque beatae.', 'Molestiae mollitia expedita impedit earum sunt sint. Blanditiis dolor reprehenderit soluta dolores et. Sapiente reprehenderit dignissimos architecto quidem. Eos aperiam velit ipsum aspernatur harum dignissimos.', '2024-04-29 18:27:37', '2024-04-29 18:27:37', 48, 33),
	(55, 'Vel incidunt quasi temporibus explicabo in eaque placeat unde.', 'Velit quod aliquam id harum exercitationem praesentium. Tenetur architecto praesentium error minima sit. Et neque accusamus quaerat aut dicta. Non quia sit illum quam at.', '2024-04-29 18:27:37', '2024-04-29 18:27:37', 153, 36),
	(57, 'Deleniti beatae est sapiente aut veniam qui non.', 'Quia quas sequi numquam inventore qui. Quaerat sed autem illum qui minus eum enim. Hic illo eligendi ipsum temporibus numquam ipsum nihil. Sunt dolorem sequi dolor consequatur consequuntur maxime.', '2024-04-29 18:27:39', '2024-04-29 18:27:39', 194, 34),
	(58, 'Autem et aliquam eveniet voluptatem aliquam debitis omnis.', 'Non esse nesciunt vel omnis aut est et. Et voluptatem natus culpa. Doloribus iusto sed dolorem quis rerum repudiandae blanditiis.', '2024-04-29 18:27:39', '2024-04-29 18:27:39', 185, 36),
	(59, 'Accusantium temporibus ab dolore in porro blanditiis.', 'Necessitatibus consequatur velit tenetur corporis omnis. Nobis nisi aliquam qui id laborum eum nobis. Exercitationem reprehenderit quo est itaque quia vitae veniam. Et possimus nesciunt tempora est. Quia et aliquid perspiciatis quis expedita qui.', '2024-04-29 18:27:39', '2024-04-29 18:27:39', 94, 34),
	(60, 'Laboriosam eius dolorem sit est iste pariatur et enim.', 'Eius ut omnis voluptatibus quo quasi corporis. In assumenda quos eos beatae praesentium. In ut qui dicta nesciunt. Autem nihil provident dolores veniam ipsa fugiat.', '2024-04-29 18:27:39', '2024-04-29 18:27:39', 99, 31),
	(61, 'Molestiae nobis optio aut eos cumque possimus.', 'Id totam ut omnis odit dolorum. Illum quisquam ullam voluptatem blanditiis dolorum.', '2024-04-29 18:27:39', '2024-04-29 18:27:39', 140, 33),
	(64, 'Maxime fugit ipsa harum optio.', 'Earum quis facere sed nihil qui repudiandae. Sed cupiditate culpa ut explicabo laboriosam quasi doloribus. Omnis qui dicta voluptate ipsam voluptas excepturi unde.', '2024-04-29 18:27:42', '2024-04-29 18:27:42', 66, 37),
	(65, 'Totam assumenda voluptatem cum animi.', 'Enim aperiam qui unde cupiditate. Reprehenderit reiciendis qui officia autem sunt et hic. Molestiae fuga eum magni voluptatibus ut.', '2024-04-29 18:27:42', '2024-04-29 18:27:42', 69, 36),
	(66, 'Aperiam qui ab non recusandae in quam consectetur.', 'Excepturi amet et dolore qui. Aut unde similique error voluptas fugiat ut est. Ad quo et dolores dolorem sed distinctio optio earum. Pariatur voluptas adipisci porro qui.', '2024-04-29 18:27:42', '2024-04-29 18:27:42', 102, 30),
	(67, 'Quos molestias itaque quia autem dicta aperiam sed.', 'Tempore nulla voluptas reiciendis repellendus aut et. Et tempore atque suscipit. Temporibus ea eveniet quo in repellendus quo. Ratione magnam est qui voluptatum commodi.', '2024-04-29 18:27:42', '2024-04-29 18:27:42', 163, 37),
	(69, 'Omnis pariatur id quisquam.', 'Occaecati ut cumque fuga architecto dignissimos neque aut. Consequuntur sed qui omnis ut. Est temporibus sint accusamus consectetur quisquam dolores.', '2024-04-29 18:27:43', '2024-04-29 18:27:43', 79, 34),
	(70, 'In voluptas tempore veniam natus.', 'Et voluptas veniam cum ipsam voluptate unde commodi iure. Dolor pariatur dolores sequi odio eos. Exercitationem non magnam quod molestiae. Nam accusamus blanditiis et voluptate officiis blanditiis.', '2024-04-29 18:27:43', '2024-04-29 18:27:43', 91, 31),
	(71, 'Veritatis magni ipsam deserunt rerum quia nemo.', 'Eaque et est illo eum enim consequuntur. Ipsam qui sed aut quia recusandae rerum. Distinctio est consequatur nisi laborum est quis.', '2024-04-29 18:27:43', '2024-04-29 18:27:43', 127, 32),
	(72, 'Unde nam consequuntur corrupti eius rerum maiores.', 'Quia est nostrum itaque nihil ab in. Sequi ut architecto nemo hic. Rerum earum omnis molestiae doloremque. Voluptatem vitae aut quia et.', '2024-04-29 18:27:43', '2024-04-29 18:27:43', 164, 34),
	(73, 'Sint omnis et sed et accusamus expedita vero voluptas.', 'Praesentium vitae officia dignissimos. Dolores expedita aliquid et. Et veniam dignissimos dolorem nesciunt voluptatem consequuntur cupiditate reiciendis.', '2024-04-29 18:27:43', '2024-04-29 18:27:43', 54, 34),
	(76, 'Harum voluptas deserunt sed et.', 'Voluptatem autem atque et earum ut enim itaque voluptatem. Perferendis quibusdam modi est. Dolores maxime et possimus veniam pariatur. Dolore inventore eveniet autem excepturi ad autem qui. Velit autem reprehenderit est quia.', '2024-04-29 18:27:45', '2024-04-29 18:27:45', 182, 30),
	(77, 'Ut aspernatur et quam fugiat.', 'Voluptatem omnis ut ad voluptas quod repudiandae aut. Impedit qui ut et et necessitatibus. Pariatur eum est nostrum voluptatem voluptatem. Possimus quia voluptatum ut dolorem.', '2024-04-29 18:27:45', '2024-04-29 18:27:45', 131, 36),
	(80, 'Ex esse et similique nobis voluptatem non.', 'Eius et dolorem vel cupiditate aut ea dolorem. Quia rerum et provident illo officiis omnis ullam. Modi praesentium est dolores facere omnis molestiae pariatur. Enim ipsa voluptatem alias quidem. Ut qui dolor explicabo et cum.', '2024-04-29 18:27:48', '2024-04-29 18:27:48', 98, 36),
	(81, 'Exercitationem provident culpa itaque sint.', 'Aliquid voluptatibus rerum est corrupti non dolores quasi. Ad porro iste nemo asperiores iusto fugit. In voluptatem aut illo et placeat. Ullam qui dolore amet consequatur et maiores.', '2024-04-29 18:27:48', '2024-04-29 18:27:48', 46, 30),
	(82, 'Optio iste et numquam.', 'Laudantium dolorem iusto quia nisi nihil. Voluptas ut maxime autem molestias nihil ut. Possimus sit ea facere accusantium aspernatur asperiores et. Hic expedita aut corporis sunt unde.', '2024-04-29 18:27:48', '2024-04-29 18:27:48', 62, 32),
	(83, 'Facere eveniet qui consequatur vitae necessitatibus.', 'Ut eligendi iste tempore quod possimus. Dolor earum nam et sequi.', '2024-04-29 18:27:48', '2024-04-29 18:27:48', 150, 36),
	(84, 'Quaerat ut itaque est voluptates est.', 'Corporis voluptatum error natus non explicabo eos. Pariatur architecto voluptatem qui sit. At et aut corrupti eos. Animi sit mollitia earum quo et blanditiis commodi qui.', '2024-04-29 18:27:48', '2024-04-29 18:27:48', 83, 31),
	(85, 'Rerum facere quo sed nam ex voluptatum.', 'Enim inventore qui vitae quae. A deserunt consequatur laudantium et voluptate quia.', '2024-04-29 18:27:48', '2024-04-29 18:27:48', 127, 30),
	(86, 'Consequatur excepturi sint ut odio quos dolor.', 'Voluptate ea vero quaerat a doloremque rerum aperiam. In cupiditate totam quis sit sapiente autem. Explicabo ut voluptatem in ut consequatur nulla qui. Dignissimos incidunt saepe consequatur omnis repudiandae ex. Vel vero at iste quae explicabo sint cum commodi.', '2024-04-29 18:27:48', '2024-04-29 18:27:48', 159, 34),
	(87, 'Est laudantium in aspernatur eos esse.', 'Voluptates quia dolores vitae. Quam dolorem maiores quisquam consequatur qui voluptas ea nam. Eum qui sunt explicabo nam odio omnis delectus. Eos dignissimos et qui et nesciunt totam.', '2024-04-29 18:27:48', '2024-04-29 18:27:48', 80, 30),
	(88, 'Ea nostrum delectus voluptatem numquam incidunt et.', 'Excepturi ad recusandae animi odio beatae cupiditate. Omnis harum voluptatum alias quae suscipit temporibus. Tenetur iste voluptas consequatur qui eius non. Rerum ex amet qui. Quasi quam totam totam quo pariatur ut.', '2024-04-29 18:27:48', '2024-04-29 18:27:48', 65, 37),
	(90, 'Et est perferendis et dolores et consequatur eum quia.', 'Quasi est at hic est incidunt. Quia minima non recusandae ab culpa. Vero vel rerum officiis qui nulla rerum nulla.', '2024-04-29 18:27:49', '2024-04-29 18:27:49', 112, 31),
	(91, 'Sed ut velit odio id ut est.', 'Libero vel accusamus delectus non. Est voluptatem et cum consectetur error. Totam suscipit non sed unde provident aut. Hic sunt tenetur aut.', '2024-04-29 18:27:49', '2024-04-29 18:27:49', 84, 37),
	(92, 'Sit id aliquam sequi ut dignissimos non.', 'Eos sint porro laborum dolor sapiente est. Et praesentium animi maiores eius facilis doloremque. Sed reprehenderit iure rerum.', '2024-04-29 18:27:49', '2024-04-29 18:27:49', 196, 32),
	(94, 'Et quibusdam voluptatibus rerum sunt reprehenderit suscipit.', 'Ut provident voluptate eligendi libero omnis molestiae. Dolore laudantium labore similique. Ea possimus ab voluptatibus quisquam aut.', '2024-04-29 18:27:51', '2024-04-29 18:27:51', 65, 37),
	(95, 'Doloribus magnam iure ducimus quod distinctio magni.', 'Aut aperiam perspiciatis sunt quia sit et et. Officia distinctio repellendus est voluptas qui blanditiis. Molestiae perspiciatis dolores aut aut quo.', '2024-04-29 18:27:51', '2024-04-29 18:27:51', 134, 37),
	(97, 'Aut in dolores illo sapiente blanditiis dolore dolorem dicta.', 'Consequuntur dolorem molestiae qui quod expedita aut voluptas. Dolorum ea natus in cumque magni quisquam. Aspernatur possimus quia quis eius dolor.', '2024-04-29 18:27:52', '2024-04-29 18:27:52', 133, 36),
	(98, 'Maxime amet natus hic architecto est non.', 'Et voluptatem rerum iste suscipit maiores porro. Ullam dolore soluta minus consequatur minima sequi blanditiis omnis. Sit dolorem aperiam deserunt. Aut sunt quidem dolores ullam quis.', '2024-04-29 18:27:52', '2024-04-29 18:27:52', 68, 34),
	(99, 'Impedit laboriosam quis id ut doloremque rem voluptatibus.', 'Ipsum porro quia quaerat et similique earum. Perferendis corrupti ipsum vel earum alias. Rerum corporis quo quibusdam deserunt. Assumenda sed itaque qui sapiente corporis debitis eos quibusdam.', '2024-04-29 18:27:52', '2024-04-29 18:27:52', 144, 32),
	(100, 'Iure quae ut voluptas.', 'Rerum et itaque dolorem dolorem aut. Iure dignissimos dolores voluptatem natus ex tempore qui.', '2024-04-29 18:27:52', '2024-04-29 18:27:52', 133, 33),
	(101, 'Omnis possimus atque voluptas quas enim nostrum dolor occaecati.', 'Amet iure excepturi autem asperiores temporibus illum a sequi. Aut unde vel illum assumenda. Qui amet consequatur commodi non velit. Recusandae ea blanditiis reiciendis consequatur fugit dolor.', '2024-04-29 18:27:52', '2024-04-29 18:27:52', 130, 34),
	(102, 'Dolorem suscipit dolorem sint mollitia excepturi est beatae.', 'Explicabo accusamus commodi eos accusamus. Doloribus sed qui dicta ipsa facilis. Repudiandae error quia consectetur dolorem inventore quia porro.', '2024-04-29 18:27:52', '2024-04-29 18:27:52', 83, 36),
	(103, 'Impedit laboriosam commodi deserunt dolores reiciendis non et.', 'Perspiciatis voluptatem quam molestias qui similique excepturi eos. Voluptatem animi praesentium ut alias. Ipsam esse amet suscipit non nemo. Facere rem autem accusantium enim officia.', '2024-04-29 18:27:52', '2024-04-29 18:27:52', 65, 30),
	(104, 'Aut et et sequi.', 'Possimus culpa sed quia debitis mollitia eos nulla ducimus. Veritatis voluptatem quos vitae aperiam qui praesentium. Quae rem distinctio quis.', '2024-04-29 18:27:52', '2024-04-29 18:27:52', 54, 36),
	(105, 'Deserunt illum aut iusto atque perspiciatis eum id ut.', 'Quia ab quo sed blanditiis voluptates nesciunt sequi numquam. Maiores ea consequatur et sequi laboriosam non impedit. Dolor aut suscipit sapiente nisi. Porro corporis iusto eius maiores consequatur suscipit.', '2024-04-29 18:27:52', '2024-04-29 18:27:52', 50, 33),
	(107, 'Non aut porro dolor consequatur ipsum aperiam et unde.', 'Veritatis quibusdam ut aperiam. Animi nisi voluptate ex voluptatem. Id autem aut repellat et nulla. Sed necessitatibus et facilis dolorum ipsam laboriosam.', '2024-04-29 18:27:53', '2024-04-29 18:27:53', 147, 33),
	(108, 'Quisquam ut repellendus molestias fugiat.', 'Quidem veritatis error explicabo atque. Fugiat blanditiis quasi ea accusamus et tenetur consequatur. Ad voluptas ullam qui aliquam.', '2024-04-29 18:27:53', '2024-04-29 18:27:53', 59, 34),
	(110, 'Maxime iusto perferendis cupiditate et rem corporis commodi.', 'Nulla similique tempore ut ullam. Est eos repellat alias est. Voluptate ut laborum molestias et. Quos voluptatem illum quod blanditiis omnis.', '2024-04-29 18:27:54', '2024-04-29 18:27:54', 59, 34),
	(111, 'Quod itaque consequatur natus excepturi rem.', 'Itaque libero nobis in. Ut rerum aut rerum ut provident minus qui culpa. Delectus tenetur sequi est modi quis. Soluta itaque facere cumque.', '2024-04-29 18:27:54', '2024-04-29 18:27:54', 180, 32),
	(112, 'Inventore exercitationem non minus nesciunt.', 'Sed dolorum atque dolorem sint facere rem ullam. Qui placeat dolores ad recusandae dolorem magnam in. Accusantium voluptatibus quaerat voluptatem nostrum error consequatur enim et.', '2024-04-29 18:27:54', '2024-04-29 18:27:54', 194, 30),
	(114, 'Sit est ut enim eaque ullam.', 'Qui porro harum culpa in. Qui dolorum iste corrupti eos rerum rerum neque.', '2024-04-29 18:27:55', '2024-04-29 18:27:55', 130, 30),
	(115, 'Totam dolores laboriosam dolore ea eveniet quo laborum et.', 'Ipsam laudantium qui quia eum quo quisquam quia. Et vel animi dolor libero non in. Rerum quasi eos asperiores perferendis nostrum ut.', '2024-04-29 18:27:55', '2024-04-29 18:27:55', 70, 30),
	(116, 'Ipsam tenetur omnis esse quisquam.', 'Suscipit iusto voluptas fugit qui tempora itaque. Ex non reprehenderit voluptatem repudiandae porro cupiditate. Cum unde officiis iste eveniet pariatur aperiam pariatur.', '2024-04-29 18:27:55', '2024-04-29 18:27:55', 124, 30),
	(117, 'Sapiente at aut ut aspernatur ea dolore.', 'Et qui eveniet at beatae facere. Modi est provident eius ab quidem assumenda aut praesentium. Quam quae enim laboriosam at cum asperiores. Ut modi aut officiis alias occaecati porro.', '2024-04-29 18:27:55', '2024-04-29 18:27:55', 175, 33),
	(118, 'Dolorum eum esse repellendus iure sed aut consequatur.', 'Ut voluptas quam voluptas et aperiam perferendis. Eos est reprehenderit numquam eaque rerum. Suscipit incidunt expedita ducimus blanditiis enim molestias voluptatem.', '2024-04-29 18:27:55', '2024-04-29 18:27:55', 89, 31),
	(119, 'Totam dolor consequuntur rerum qui doloremque est cumque.', 'Voluptatem sed quam iusto blanditiis animi sapiente beatae. Architecto provident facere sit quas dolore. Debitis doloremque ut illo qui beatae.', '2024-04-29 18:27:55', '2024-04-29 18:27:55', 58, 31),
	(120, 'Totam vel repudiandae odit optio qui voluptatem amet.', 'Necessitatibus id qui fugit error ratione rerum ea. Quia adipisci architecto odio placeat. Voluptate voluptatem sequi qui quo.', '2024-04-29 18:27:55', '2024-04-29 18:27:55', 37, 33),
	(121, 'Consequatur occaecati qui velit accusamus.', 'Fuga aut error alias sint. Incidunt tenetur enim delectus dignissimos. Velit corrupti aut rerum error.', '2024-04-29 18:27:55', '2024-04-29 18:27:55', 82, 30),
	(122, 'Qui cum quaerat repellat dolorum numquam.', 'Voluptatibus assumenda et voluptatem voluptatem. Distinctio aut dolores in ut illo. Minus inventore repellat quia dolorum aliquam.', '2024-04-29 18:27:55', '2024-04-29 18:27:55', 91, 30),
	(124, 'Perferendis itaque est quis quia.', 'Cum in sit in quam. Ratione eum sit qui quia aut omnis. Cupiditate corporis explicabo numquam libero libero voluptatem at. Rem ullam sit adipisci perspiciatis officiis possimus aperiam.', '2024-04-29 18:27:56', '2024-04-29 18:27:56', 168, 36),
	(125, 'Quos quod fugiat occaecati adipisci debitis ut.', 'Sint eligendi occaecati quis. Aut ea quis totam quasi numquam exercitationem. Distinctio ut ipsa facilis aperiam et dolores natus.', '2024-04-29 18:27:56', '2024-04-29 18:27:56', 50, 37),
	(126, 'Aut eaque est autem sunt et ut.', 'Explicabo dolorum et aliquam qui voluptates. Enim est inventore sapiente. Dicta earum qui dicta cum est voluptatem ratione.', '2024-04-29 18:27:56', '2024-04-29 18:27:56', 122, 37),
	(127, 'Dolorum quidem non nihil nulla deleniti perferendis.', 'Nihil eos perferendis voluptatibus est. Inventore voluptatibus nobis rerum et. Rerum corporis fugit itaque voluptatum eos.', '2024-04-29 18:27:56', '2024-04-29 18:27:56', 40, 32),
	(129, 'Recusandae ut quia et voluptas ab.', 'Esse et quidem repellat. Corrupti aut consectetur sit possimus. Quasi dolores eum omnis ullam. Sed voluptatem voluptas doloremque facilis quasi tempora totam.', '2024-04-29 18:29:04', '2024-04-29 18:29:04', 171, 30),
	(130, 'Natus fugiat ullam placeat.', 'Nobis debitis doloremque illum sit aut est. Recusandae voluptate aut repudiandae facere aut consequatur. Voluptates sit porro quia est recusandae omnis. Sit aliquid sint alias accusamus.', '2024-04-29 18:29:04', '2024-04-29 18:29:04', 37, 30),
	(131, 'Id officia possimus deleniti quo.', 'Doloribus ad perspiciatis cupiditate culpa sed quia adipisci quasi. Itaque fuga veritatis aut saepe. Qui esse possimus in quis. Laboriosam qui ea nulla doloribus dolore iste.', '2024-04-29 18:29:04', '2024-04-29 18:29:04', 177, 36),
	(132, 'Illum omnis eum deleniti aliquam.', 'Eum maiores modi consequuntur ratione itaque. Reiciendis quibusdam excepturi soluta vero eaque at. Dignissimos occaecati dolorem officiis magni omnis.', '2024-04-29 18:29:04', '2024-04-29 18:29:04', 160, 31),
	(134, 'Rerum quia facere in voluptatem voluptatum.', 'Est ipsa qui at nisi incidunt. Sint mollitia id beatae eum ipsam. Reiciendis accusamus dolorum perspiciatis et iusto exercitationem aut. Odio nihil odit quidem facere sed enim.', '2024-04-29 18:29:06', '2024-04-29 18:29:06', 185, 33),
	(136, 'Earum explicabo voluptate et natus.', 'Quod est et repudiandae qui voluptatem. Id quam veniam voluptatum explicabo aspernatur tenetur. Necessitatibus esse optio corrupti sed voluptatem autem in.', '2024-04-29 18:29:07', '2024-04-29 18:29:07', 197, 33),
	(137, 'Dolorem non quidem consequatur corporis.', 'Minima nemo autem sunt pariatur. Aspernatur in voluptates sunt voluptatibus consectetur qui. Et occaecati et a laboriosam qui aut. Nam saepe corrupti repudiandae quas nemo temporibus.', '2024-04-29 18:29:07', '2024-04-29 18:29:07', 90, 31),
	(139, 'Ut consequuntur quos ex rerum numquam maxime quo.', 'Qui eaque debitis qui odit. Non nihil rerum qui sunt illo eos cumque. Sapiente at ad ut iure vel est rem. Et harum ipsum nemo saepe ullam.', '2024-04-29 18:29:08', '2024-04-29 18:29:08', 187, 31),
	(141, 'Sit voluptas itaque et at sapiente non.', 'Veniam explicabo ut eligendi sit. Qui ipsa velit consequatur commodi accusantium id est. Accusamus reprehenderit ut earum rerum est maxime. Numquam inventore aut deserunt nostrum ipsam illo accusamus.', '2024-04-29 18:29:08', '2024-04-29 18:29:08', 82, 31),
	(142, 'Ut nisi vero ducimus sapiente molestias.', 'Ab pariatur eos assumenda delectus perspiciatis. Eveniet molestiae eos aliquid illum possimus ea quia aliquid. Voluptatibus quae voluptatem et iure fugiat quas. Dolor ipsam exercitationem voluptatem quaerat ut.', '2024-04-29 18:29:08', '2024-04-29 18:29:08', 124, 31),
	(144, 'Magni laboriosam necessitatibus et et deserunt qui reiciendis dolorem.', 'Distinctio quas voluptatem labore error ad necessitatibus sunt. Quis consequatur qui labore aliquam. Omnis aut nisi voluptatem animi dignissimos. Quibusdam officiis necessitatibus neque ratione tempore quasi. Et autem commodi tempore facilis vero.', '2024-04-29 18:29:09', '2024-04-29 18:29:09', 69, 34),
	(145, 'Ut voluptatem eaque earum explicabo.', 'Ut omnis itaque quos necessitatibus. Quidem quia eum odit nihil et sunt debitis.', '2024-04-29 18:29:09', '2024-04-29 18:29:09', 185, 34),
	(146, 'Adipisci numquam ipsam iure rerum quasi fugit dolores.', 'Sed dolores eveniet deleniti. Praesentium voluptas consectetur excepturi placeat voluptatem asperiores repellendus quia. Voluptatum libero error aliquid doloribus aut autem nihil.', '2024-04-29 18:29:09', '2024-04-29 18:29:09', 103, 36),
	(147, 'Ipsa aut suscipit et qui ut.', 'Sit quia nam cumque ipsa odio cum. Ab quos ipsam laborum omnis culpa quia natus. Sit blanditiis et architecto dolorum. Eum et temporibus numquam quod mollitia aut totam.', '2024-04-29 18:29:09', '2024-04-29 18:29:09', 121, 30),
	(148, 'Modi quisquam sit impedit quibusdam.', 'Officiis cupiditate odit cumque eum. Quo perspiciatis temporibus nesciunt quaerat aut. Asperiores magnam aut eaque.', '2024-04-29 18:29:09', '2024-04-29 18:29:09', 160, 32),
	(149, 'Delectus illo repudiandae qui aut fuga rerum minus.', 'Vitae autem ea tenetur sit quisquam ut facilis. Temporibus delectus sapiente corrupti autem error. Sapiente eius et aperiam et. Quo dolorum id sequi eum.', '2024-04-29 18:29:09', '2024-04-29 18:29:09', 190, 32),
	(151, 'Sint libero voluptatum sequi.', 'Voluptatem et fuga qui dignissimos eius doloremque quia impedit. Nisi adipisci occaecati dolore aperiam. Sit accusantium non cupiditate. Reprehenderit magni dolorem iure molestiae.', '2024-04-29 18:29:10', '2024-04-29 18:29:10', 173, 31),
	(152, 'Sequi eum consequatur atque rem dignissimos sit.', 'In et sint ipsum. Sapiente qui quae voluptatum tempora id. Eligendi architecto et quidem similique non optio error. Dignissimos porro incidunt sequi iste consequatur.', '2024-04-29 18:29:10', '2024-04-29 18:29:10', 68, 33),
	(153, 'Consequatur eveniet et distinctio tempora dolorem consequatur velit aut.', 'Aut numquam aut vero nulla. Asperiores enim qui ipsum. Asperiores nulla minima corrupti tempore. Blanditiis sint in cumque temporibus est qui.', '2024-04-29 18:29:10', '2024-04-29 18:29:10', 52, 36),
	(155, 'Possimus dolores et eius culpa nesciunt expedita aut.', 'Omnis sit molestias et quis corrupti laudantium rerum. Excepturi ducimus rem consequatur laudantium est voluptas cum qui. Ducimus ut sed sint corrupti.', '2024-04-29 18:29:11', '2024-04-29 18:29:11', 57, 34),
	(156, 'Totam repudiandae veritatis incidunt dolore.', 'Officia voluptas commodi qui. Soluta qui labore est nobis voluptas aut alias. Sint impedit odio atque dolore expedita ut vero.', '2024-04-29 18:29:11', '2024-04-29 18:29:11', 168, 30),
	(157, 'Consequatur quis non et quo iste.', 'Vero provident exercitationem quidem laboriosam et error. Quis recusandae aut quisquam est omnis consequatur veritatis et. Ut accusantium veritatis et nostrum aut numquam. Non ut error qui at ab modi quos et.', '2024-04-29 18:29:11', '2024-04-29 18:29:11', 133, 34),
	(158, 'Sed ut ratione et consequatur velit repellat nobis.', 'Consequatur officiis voluptate beatae reprehenderit rerum consequatur. Sunt laboriosam quia iste eos neque sit. Minima blanditiis eum ut explicabo voluptatem. Sit officiis provident maiores fugit eos voluptas.', '2024-04-29 18:29:11', '2024-04-29 18:29:11', 36, 33),
	(161, 'Velit itaque autem culpa libero.', 'Voluptatem omnis saepe neque corporis. Aspernatur quam maxime nulla nihil id aperiam sequi ea. Et qui architecto odit ab asperiores debitis eum. Nihil magni mollitia sunt et. Quia debitis velit ipsum.', '2024-04-29 18:29:13', '2024-04-29 18:29:13', 130, 32),
	(163, 'Rerum excepturi quia velit vel.', 'Magni aut corporis totam est voluptatem amet. Laudantium est et doloribus. Laudantium at quibusdam rerum nemo amet reiciendis et. Et repudiandae perferendis sed optio debitis et quasi tempora.', '2024-04-29 18:29:13', '2024-04-29 18:29:13', 74, 32),
	(164, 'Molestiae minima facilis quidem id.', 'Amet iure accusantium error sequi. Porro rerum ullam eos voluptatem vel eum et. Temporibus fugiat corrupti delectus veniam. Aspernatur quia cumque et beatae qui non aut voluptatem.', '2024-04-29 18:29:13', '2024-04-29 18:29:13', 167, 32),
	(165, 'Laudantium explicabo atque atque amet magni voluptatem.', 'Voluptatem quos modi quos mollitia. Autem dolorem ipsa nulla ipsum. Delectus qui pariatur sapiente est officia rerum.', '2024-04-29 18:29:13', '2024-04-29 18:29:13', 55, 33),
	(166, 'Est tenetur id sapiente dicta saepe iusto voluptas.', 'Eius qui autem pariatur molestiae nisi omnis. Quis pariatur explicabo dolorum architecto sunt quo sed. Error sit hic tempora eveniet voluptatibus earum ut. Voluptates sed consequatur ut suscipit rerum quas.', '2024-04-29 18:29:13', '2024-04-29 18:29:13', 165, 37),
	(167, 'Dolorem est reiciendis dicta laudantium consequuntur.', 'Dolorem iusto officiis corporis incidunt voluptas quod et. Aut sequi laborum ducimus dolores totam consectetur. Aliquam sunt voluptate dignissimos neque.', '2024-04-29 18:29:13', '2024-04-29 18:29:13', 65, 37),
	(168, 'Et perspiciatis non amet.', 'Mollitia eos vel totam voluptas vel omnis. Quia et laboriosam deserunt ea rerum quo. Sed est tempora blanditiis reprehenderit qui.', '2024-04-29 18:29:13', '2024-04-29 18:29:13', 98, 37);

/*!40103 SET TIME_ZONE=IFNULL(@OLD_TIME_ZONE, 'system') */;
/*!40101 SET SQL_MODE=IFNULL(@OLD_SQL_MODE, '') */;
/*!40014 SET FOREIGN_KEY_CHECKS=IFNULL(@OLD_FOREIGN_KEY_CHECKS, 1) */;
/*!40101 SET CHARACTER_SET_CLIENT=@OLD_CHARACTER_SET_CLIENT */;
/*!40111 SET SQL_NOTES=IFNULL(@OLD_SQL_NOTES, 1) */;
